Name,Popularity,Followers,Genres,Average_top_song_length_in_min,Spotify_ID,Spotify_URL
Angerfist,60,551852,"['hardcore', 'frenchcore', 'hardstyle', 'gabber', 'hardcore techno', 'speedcore', 'tekno']",3.29,4sQNUQjOYj9rV2sdfJ8laS,https://open.spotify.com/artist/4sQNUQjOYj9rV2sdfJ8laS
Ariana Grande,94,106864696,['pop'],3.5,66CXWjxzNUsdJxJ2JdwvnR,https://open.spotify.com/artist/66CXWjxzNUsdJxJ2JdwvnR
Alex Warren,89,2638197,[],3.12,0fTSzq9jAh4c36UVb4V7CB,https://open.spotify.com/artist/0fTSzq9jAh4c36UVb4V7CB
AURORA,76,4635184,"['norwegian pop', 'art pop']",3.5,1WgXqy2Dd70QQOU7Ay074N,https://open.spotify.com/artist/1WgXqy2Dd70QQOU7Ay074N
Adele,87,66072792,['soft pop'],4.27,4dpARuHxo51G3z768sgnrY,https://open.spotify.com/artist/4dpARuHxo51G3z768sgnrY
Antoon,60,223147,"['nederpop', 'hollands']",2.52,5sBoNBXFMzoZjgHLbQueeG,https://open.spotify.com/artist/5sBoNBXFMzoZjgHLbQueeG
Ashafar,60,226013,[],2.89,438nTuoZFCZCyBl33jE9dU,https://open.spotify.com/artist/438nTuoZFCZCyBl33jE9dU
Arctic Monkeys,88,31685581,"['indie', 'garage rock']",3.6,7Ln80lUS6He07XvHI8qqHH,https://open.spotify.com/artist/7Ln80lUS6He07XvHI8qqHH
Addison Rae,78,1264663,[],3.17,4gvjmrtzydbMpyJaXUtwvP,https://open.spotify.com/artist/4gvjmrtzydbMpyJaXUtwvP
Acda en de Munnik,57,164341,"['nederpop', 'hollands']",3.51,040Fqhc0l7a4MPeDx6cneh,https://open.spotify.com/artist/040Fqhc0l7a4MPeDx6cneh
A$AP Rocky,86,17173521,['rap'],3.54,13ubrt8QOOCPljQ2FL1Kca,https://open.spotify.com/artist/13ubrt8QOOCPljQ2FL1Kca
Andre Hazes,64,882552,"['hollands', 'nederpop']",3.55,04MtOUkmIDC4LAxDDBjrOY,https://open.spotify.com/artist/04MtOUkmIDC4LAxDDBjrOY
Anouk,56,387399,['nederpop'],3.9,6ltVunYjAAD70YtVO6rxvX,https://open.spotify.com/artist/6ltVunYjAAD70YtVO6rxvX
AC/DC,84,32033918,"['rock', 'hard rock', 'classic rock', 'rock and roll']",4.34,711MCceyCBcFnzjGY4Q7Un,https://open.spotify.com/artist/711MCceyCBcFnzjGY4Q7Un
Armin van Buuren,77,4524396,"['trance', 'progressive trance', 'progressive house', 'electronica', 'edm']",3.16,0SfsnGyD8FpIN4U4WCkBZ5,https://open.spotify.com/artist/0SfsnGyD8FpIN4U4WCkBZ5
Amy Winehouse,79,9706520,[],3.32,6Q192DXotxtaysaqNPy5yR,https://open.spotify.com/artist/6Q192DXotxtaysaqNPy5yR
ADF Samski,58,67314,[],2.92,5qeFPM2PZUCzcpkY4e4RC8,https://open.spotify.com/artist/5qeFPM2PZUCzcpkY4e4RC8
ABBA,83,14722065,[],4.22,0LcJLqbBmaGUft1e9Mm8HV,https://open.spotify.com/artist/0LcJLqbBmaGUft1e9Mm8HV
Avicii,83,23436726,['edm'],3.32,1vCWHaC5f2uS3yhpwWbIA6,https://open.spotify.com/artist/1vCWHaC5f2uS3yhpwWbIA6
Alles Kids,58,15688,"[""children's music""]",1.41,07DX1ovPdfcA492wXjR5yd,https://open.spotify.com/artist/07DX1ovPdfcA492wXjR5yd
Johann Sebastian Bach,79,4782683,"['classical', 'classical piano']",3.1,5aIqB5nVVvmFsvSdExz408,https://open.spotify.com/artist/5aIqB5nVVvmFsvSdExz408
Andrew Choi,88,129360,['k-pop'],2.92,7JBaynR7JFeniONqbnn1U4,https://open.spotify.com/artist/7JBaynR7JFeniONqbnn1U4
André Hazes Jr.,57,305041,"['hollands', 'nederpop']",3.32,5l2Xy4aUoJDRSpsYHyOumD,https://open.spotify.com/artist/5l2Xy4aUoJDRSpsYHyOumD
AUDREY NUNA,92,450924,[],3.37,0Wwji82sLA0Hcvtuak3omb,https://open.spotify.com/artist/0Wwji82sLA0Hcvtuak3omb
Ed Sheeran,93,122179560,['soft pop'],3.75,6eUKZXaKkcviH0Ku9w2n3V,https://open.spotify.com/artist/6eUKZXaKkcviH0Ku9w2n3V
Bob Vylan,54,175940,[],2.73,6XgIk9Y6qy6JCMZVime6DQ,https://open.spotify.com/artist/6XgIk9Y6qy6JCMZVime6DQ
Bente,62,37710,"['nederpop', 'hollands']",3.37,4U9nsRTH2mr9L4UXEWqG5e,https://open.spotify.com/artist/4U9nsRTH2mr9L4UXEWqG5e
Bad Bunny,99,100872156,"['reggaeton', 'trap latino', 'urbano latino', 'latin']",3.84,4q3ewBCX7sLwd24euuV69X,https://open.spotify.com/artist/4q3ewBCX7sLwd24euuV69X
Beéle,92,2879357,"['latin afrobeats', 'reggaeton', 'pop urbano']",2.92,7a0XAaPaK2aDSqa8p3QnC7,https://open.spotify.com/artist/7a0XAaPaK2aDSqa8p3QnC7
Brent Faiyaz,84,7806670,['r&b'],3.59,3tlXnStJ1fFhdScmQeLpuG,https://open.spotify.com/artist/3tlXnStJ1fFhdScmQeLpuG
Billie Eilish,94,117357047,[],3.86,6qqNVTkY8uBg9cP3Jd7DAH,https://open.spotify.com/artist/6qqNVTkY8uBg9cP3Jd7DAH
Broederliefde,66,569446,[],3.45,5GvMLzUp6tMBpaCbr903RN,https://open.spotify.com/artist/5GvMLzUp6tMBpaCbr903RN
Beyoncé,88,41000791,[],3.96,6vWDO969PvNqNYHIOW5v0m,https://open.spotify.com/artist/6vWDO969PvNqNYHIOW5v0m
BLACKPINK,86,55626060,['k-pop'],3.27,41MozSoPIsD1dJM0CLPjZF,https://open.spotify.com/artist/41MozSoPIsD1dJM0CLPjZF
Bankzitters,63,295072,[],2.29,1g9nyCbUH0kbNgXAsw7tUB,https://open.spotify.com/artist/1g9nyCbUH0kbNgXAsw7tUB
Bilal Wahib,60,78928,[],2.43,5wV3FoaNbDB6X9INuQvs1K,https://open.spotify.com/artist/5wV3FoaNbDB6X9INuQvs1K
Boef,65,1425652,[],3.2,0Jsk5iYMr5aNjHury7blm1,https://open.spotify.com/artist/0Jsk5iYMr5aNjHury7blm1
Beste Zangers,64,25060,"['hollands', 'nederpop']",3.26,5tOJq6eS9TQEya6rxFvfEa,https://open.spotify.com/artist/5tOJq6eS9TQEya6rxFvfEa
Burna Boy,84,13703140,"['afrobeats', 'afrobeat', 'afropop', 'afroswing', 'dancehall', 'afropiano']",3.12,3wcj11K77LjEY1PkEazffa,https://open.spotify.com/artist/3wcj11K77LjEY1PkEazffa
BLOK3,81,4679867,"['turkish hip hop', 'turkish pop']",2.85,1GMwSpFzrLd12jUX15bHB6,https://open.spotify.com/artist/1GMwSpFzrLd12jUX15bHB6
Bob Marley & The Wailers,83,13310665,"['reggae', 'roots reggae']",3.68,2QsynagSdAqZj3U9HgDzjD,https://open.spotify.com/artist/2QsynagSdAqZj3U9HgDzjD
Bruno Mars,93,74748443,[],3.71,0du5cEVh5yTK9QJze8zA0C,https://open.spotify.com/artist/0du5cEVh5yTK9QJze8zA0C
Benson Boone,88,6826305,[],3.14,22wbnEMDvgVIAGdFeek6ET,https://open.spotify.com/artist/22wbnEMDvgVIAGdFeek6ET
BLØF,63,404510,"['nederpop', 'hollands']",4.04,0KQX2wRHV2VLjuscfJFNxB,https://open.spotify.com/artist/0KQX2wRHV2VLjuscfJFNxB
Bizzey,62,388156,['moombahton'],2.77,5GIcOzVFTNnzArytjmTkW8,https://open.spotify.com/artist/5GIcOzVFTNnzArytjmTkW8
Black Sabbath,80,9649639,"['metal', 'heavy metal', 'rock', 'stoner rock', 'doom metal', 'hard rock']",5.5,5M52tdBnJaKSvOpJGz8mfZ,https://open.spotify.com/artist/5M52tdBnJaKSvOpJGz8mfZ
The Beatles,87,30545585,"['classic rock', 'psychedelic rock']",3.36,3WrFJ7ztbogyGnTHbHJFl2,https://open.spotify.com/artist/3WrFJ7ztbogyGnTHbHJFl2
Chris Brown,91,27896107,['r&b'],3.86,7bXgB6jMjp9ATFy66eO08Z,https://open.spotify.com/artist/7bXgB6jMjp9ATFy66eO08Z
Justin Bieber,96,84488396,[],3.28,1uNFoZAHBGtllmzznpCI3s,https://open.spotify.com/artist/1uNFoZAHBGtllmzznpCI3s
Chris Stussy,63,168800,"['house', 'tech house']",4.77,3BxjasMelf9pKaE4f7Y0So,https://open.spotify.com/artist/3BxjasMelf9pKaE4f7Y0So
CHO,60,101911,[],3.25,0YPIovtLh5msFPFuCcn30R,https://open.spotify.com/artist/0YPIovtLh5msFPFuCcn30R
CC,45,2281,[],2.33,0zD2BPEqmxke9Dd0GtgthT,https://open.spotify.com/artist/0zD2BPEqmxke9Dd0GtgthT
Cardi B,84,25822519,[],3.39,4kYSro6naA4h99UJvo89HB,https://open.spotify.com/artist/4kYSro6naA4h99UJvo89HB
Counting Crows,72,1944995,[],4.26,0vEsuISMWAKNctLlUAhSZC,https://open.spotify.com/artist/0vEsuISMWAKNctLlUAhSZC
Ceder,39,3215,[],2.55,4m9BUPqIW7bFZqYVh9rcDd,https://open.spotify.com/artist/4m9BUPqIW7bFZqYVh9rcDd
Cor,55,42016,[],2.84,66wqVYADY665LeMxs8nlk3,https://open.spotify.com/artist/66wqVYADY665LeMxs8nlk3
Chef'Special,55,187087,['folk pop'],3.24,7IiSLreTg1of8dDwxwiPw3,https://open.spotify.com/artist/7IiSLreTg1of8dDwxwiPw3
Cigarettes After Sex,87,17042567,['dream pop'],4.57,1QAJqy2dA3ihHBFIHRphZj,https://open.spotify.com/artist/1QAJqy2dA3ihHBFIHRphZj
Charli xcx,86,6139640,"['hyperpop', 'art pop']",3.29,25uiPmTg16RbhZWAqwLBy5,https://open.spotify.com/artist/25uiPmTg16RbhZWAqwLBy5
Central Cee,84,9455961,"['uk drill', 'drill', 'uk grime', 'grime']",2.71,5H4yInM5zmHqpKIoMNAx4r,https://open.spotify.com/artist/5H4yInM5zmHqpKIoMNAx4r
Coldplay,92,60273263,[],4.51,4gzpq5DPGxSnKTe4SA8HAU,https://open.spotify.com/artist/4gzpq5DPGxSnKTe4SA8HAU
Chappell Roan,87,7070048,[],3.62,7GlBOeep6PqTfFi59PTUUN,https://open.spotify.com/artist/7GlBOeep6PqTfFi59PTUUN
Céline Dion,79,10212942,['variété française'],4.8,4S9EykWXhStSc15wEx8QFK,https://open.spotify.com/artist/4S9EykWXhStSc15wEx8QFK
Clementine Douglas,76,57797,[],3.52,4DWuml4Jf6K81b5rAPwMb6,https://open.spotify.com/artist/4DWuml4Jf6K81b5rAPwMb6
Cité,59,12733,[],2.67,1IzmTWOBk33eqWZmWpxUqp,https://open.spotify.com/artist/1IzmTWOBk33eqWZmWpxUqp
Chavanté,57,55464,[],2.75,46hfNL2Bni5Ux8hCDMAjIN,https://open.spotify.com/artist/46hfNL2Bni5Ux8hCDMAjIN
Calvin Harris,89,23075204,['edm'],3.62,7CajNmpbOovFoOoasH2HaY,https://open.spotify.com/artist/7CajNmpbOovFoOoasH2HaY
Claude,58,141219,['nederpop'],3.0,205nyHBi0lspcUT37YqWom,https://open.spotify.com/artist/205nyHBi0lspcUT37YqWom
CYRIL,80,424052,[],2.91,11kt6ggsdxvI8MhyeSMKom,https://open.spotify.com/artist/11kt6ggsdxvI8MhyeSMKom
Calmly,88,61469,[],2.31,5OWksQm7ONWIGZqMXovSli,https://open.spotify.com/artist/5OWksQm7ONWIGZqMXovSli
Red Hot Chili Peppers,86,23046914,"['funk rock', 'alternative rock', 'rock']",4.5,0L8ExT028jH3ddEcZwqJJ5,https://open.spotify.com/artist/0L8ExT028jH3ddEcZwqJJ5
Phil Collins,80,7227710,['soft rock'],4.51,4lxfqrEsLX6N1N4OCSkILp,https://open.spotify.com/artist/4lxfqrEsLX6N1N4OCSkILp
d4vd,85,4573342,[],3.05,5y8tKLUfMvliMe8IKamR32,https://open.spotify.com/artist/5y8tKLUfMvliMe8IKamR32
Drake,99,101969155,['rap'],3.81,3TVXtAsR1Inumwj472S9r4,https://open.spotify.com/artist/3TVXtAsR1Inumwj472S9r4
Dual Damage,59,88480,"['hardstyle', 'hardcore', 'frenchcore']",2.83,05bETZtzSdUI5fconFIKRX,https://open.spotify.com/artist/05bETZtzSdUI5fconFIKRX
Deftones,86,7549197,"['nu metal', 'alternative metal', 'rap metal', 'shoegaze', 'rock']",4.49,6Ghvu1VvMGScGpOUJBAHNH,https://open.spotify.com/artist/6Ghvu1VvMGScGpOUJBAHNH
Djaga Djaga,55,102723,[],2.83,4mg1S6eUvRL9IZKzEShYB8,https://open.spotify.com/artist/4mg1S6eUvRL9IZKzEShYB8
Damiano David,77,823426,[],3.19,7AaGbSgUxJFuZ49VvclNH6,https://open.spotify.com/artist/7AaGbSgUxJFuZ49VvclNH6
DYSTINCT,74,796378,"['moroccan pop', 'raï']",2.95,1cKyknhftNKXCjMBd2hDrG,https://open.spotify.com/artist/1cKyknhftNKXCjMBd2hDrG
DI-RECT,53,192786,['nederpop'],3.56,0d1nFNO90pwRmCeeqjOx2Q,https://open.spotify.com/artist/0d1nFNO90pwRmCeeqjOx2Q
Doe Maar,54,143803,"['nederpop', 'hollands']",3.56,58hFVpwYRp8sQdtANcMpiE,https://open.spotify.com/artist/58hFVpwYRp8sQdtANcMpiE
Dave,78,6425868,"['grime', 'uk grime', 'uk drill', 'drill']",3.67,6Ip8FS7vWT1uKkJSweANQK,https://open.spotify.com/artist/6Ip8FS7vWT1uKkJSweANQK
Def,53,20375,[],2.01,7xSvzzpRGlGKyXVOI6IeWk,https://open.spotify.com/artist/7xSvzzpRGlGKyXVOI6IeWk
Doja Cat,89,34371179,[],3.53,5cj0lLjcoR7YOSnhnX0Po5,https://open.spotify.com/artist/5cj0lLjcoR7YOSnhnX0Po5
Dire Straits,81,8753306,['classic rock'],5.39,0WwSkZ7LtFUFjGjMZBMt6T,https://open.spotify.com/artist/0WwSkZ7LtFUFjGjMZBMt6T
Dua Lipa,89,46679971,['pop'],3.34,6M2wZ9GZgrQXHCFfjv46we,https://open.spotify.com/artist/6M2wZ9GZgrQXHCFfjv46we
Don Toliver,89,7303814,[],2.92,4Gso3d4CscCijv0lmajZWs,https://open.spotify.com/artist/4Gso3d4CscCijv0lmajZWs
Dean Lewis,79,4093327,[],3.0,3QSQFmccmX81fWCUSPTS7y,https://open.spotify.com/artist/3QSQFmccmX81fWCUSPTS7y
Dopebwoy,65,267776,[],2.73,6OQggpm01CmAB717TKtDCr,https://open.spotify.com/artist/6OQggpm01CmAB717TKtDCr
Dream Supplier,84,11939,[],2.31,6Cqtx9fpxzggIMuKn0RGCp,https://open.spotify.com/artist/6Cqtx9fpxzggIMuKn0RGCp
K3,63,317397,"[""children's music""]",3.52,1eZrOVQ8ady3sDTNdG9E4D,https://open.spotify.com/artist/1eZrOVQ8ady3sDTNdG9E4D
Tiësto,84,7944149,"['edm', 'trance', 'big room', 'house', 'dance']",2.73,2o5jDhtHVPhrJdv3cEQ99Z,https://open.spotify.com/artist/2o5jDhtHVPhrJdv3cEQ99Z
Lil Wayne,90,17735606,"['rap', 'hip hop']",4.62,55Aa2cqylxrFIXC767Z865,https://open.spotify.com/artist/55Aa2cqylxrFIXC767Z865
Disney,88,865964,[],3.21,3xvaSlT4xsyk6lY1ESOspO,https://open.spotify.com/artist/3xvaSlT4xsyk6lY1ESOspO
Donnie,63,147756,"['hollands', 'nederpop']",2.79,2ylIKKdMukkuprCgY4ZDFE,https://open.spotify.com/artist/2ylIKKdMukkuprCgY4ZDFE
Future,92,22422855,['rap'],3.88,1RyvyyTE3xzB2ZywiAwp0i,https://open.spotify.com/artist/1RyvyyTE3xzB2ZywiAwp0i
David Guetta,91,27070602,['edm'],3.24,1Cs0zKBU1kc0i8ypK3B9ai,https://open.spotify.com/artist/1Cs0zKBU1kc0i8ypK3B9ai
Eefje de Visser,50,86345,['nederpop'],3.99,33KABng8GO42ojFJVcABxQ,https://open.spotify.com/artist/33KABng8GO42ojFJVcABxQ
ENHYPEN,84,12806107,['k-pop'],2.7,5t5FqBwTcgKTaWmfEbwQY9,https://open.spotify.com/artist/5t5FqBwTcgKTaWmfEbwQY9
EZG,53,59259,"['hardcore', 'hardstyle', 'frenchcore']",2.87,19a4917FBnuYz90ezDrKv4,https://open.spotify.com/artist/19a4917FBnuYz90ezDrKv4
Eminem,92,103680169,"['rap', 'hip hop']",4.87,7dGJo4pcD2V6oG8kP0tJRR,https://open.spotify.com/artist/7dGJo4pcD2V6oG8kP0tJRR
Eves Laurent,59,69173,[],2.9,5QWQYxfuoNq7iJBlbIAYRS,https://open.spotify.com/artist/5QWQYxfuoNq7iJBlbIAYRS
Enya,75,2544050,"['new age', 'celtic']",3.5,6uothxMWeLWIhsGeF7cyo4,https://open.spotify.com/artist/6uothxMWeLWIhsGeF7cyo4
Ludovico Einaudi,81,3953235,"['neoclassical', 'classical']",4.72,2uFUBdaVGtyMqckSeCl0Qj,https://open.spotify.com/artist/2uFUBdaVGtyMqckSeCl0Qj
Ely Oaks,77,179948,['hypertechno'],2.07,2MdFJmUQf3ckA99IhFF9my,https://open.spotify.com/artist/2MdFJmUQf3ckA99IhFF9my
Esko,56,82121,[],2.86,0rQ69yrbz7CeUmXUn1beIj,https://open.spotify.com/artist/0rQ69yrbz7CeUmXUn1beIj
Efteling,54,61761,"[""children's music""]",2.55,2y1TgaVWL39MJOI15PTKAN,https://open.spotify.com/artist/2y1TgaVWL39MJOI15PTKAN
Emma Heesters,59,238870,"['hollands', 'nederpop']",3.09,3898xesz6JuQkpz7Kiu4uM,https://open.spotify.com/artist/3898xesz6JuQkpz7Kiu4uM
Empire Of The Sun,81,1977839,[],3.71,67hb7towEyKvt5Z8Bx306c,https://open.spotify.com/artist/67hb7towEyKvt5Z8Bx306c
Elvis Presley,80,10914515,"['rockabilly', 'rock and roll']",2.87,43ZHCT0cAZBISjO8DG9PnE,https://open.spotify.com/artist/43ZHCT0cAZBISjO8DG9PnE
Eloi Youssef,38,7896,[],3.45,4y0egYlrx2v3IzeciScO2A,https://open.spotify.com/artist/4y0egYlrx2v3IzeciScO2A
Emms,57,25086,[],2.75,2AkaK2DXdBUWYjpwOHoKs2,https://open.spotify.com/artist/2AkaK2DXdBUWYjpwOHoKs2
Eros Ramazzotti,74,2496107,['italo dance'],4.35,61J0BktHv7PuP3tjTPYXSX,https://open.spotify.com/artist/61J0BktHv7PuP3tjTPYXSX
Ellie Goulding,82,13155725,[],3.74,0X2BH1fck6amBIoJhDVmmJ,https://open.spotify.com/artist/0X2BH1fck6amBIoJhDVmmJ
Elton John,84,15387661,[],4.31,3PhoLpVuITZKcymswpck5b,https://open.spotify.com/artist/3PhoLpVuITZKcymswpck5b
EJAE,93,273808,['k-pop'],3.14,0RMJOzHDhAKY1o2j0W0vxY,https://open.spotify.com/artist/0RMJOzHDhAKY1o2j0W0vxY
Effe Serieus,58,5741,['hollands'],2.35,3NRhf1UyPB4XwxBq1eQE93,https://open.spotify.com/artist/3NRhf1UyPB4XwxBq1eQE93
Madonna,82,8736623,[],4.43,6tbjWDEIzxoDsBA1FuhfPW,https://open.spotify.com/artist/6tbjWDEIzxoDsBA1FuhfPW
Morad,82,4470158,[],3.64,4az97MtWmBQ5Db3GfDh9j9,https://open.spotify.com/artist/4az97MtWmBQ5Db3GfDh9j9
Fantasm,58,190872,"['hard techno', 'techno', 'tekno', 'hardcore techno', 'industrial']",4.48,0copVQkrcbfv5CzOyXuLKy,https://open.spotify.com/artist/0copVQkrcbfv5CzOyXuLKy
Franky Rizardo,61,83268,"['house', 'tech house']",3.52,2UgphhGSlC9QWgaZWUOCkl,https://open.spotify.com/artist/2UgphhGSlC9QWgaZWUOCkl
Fresku,51,85656,[],3.81,5m1cLmgZIfEYPLejhLFR10,https://open.spotify.com/artist/5m1cLmgZIfEYPLejhLFR10
Fred again..,80,2128678,"['stutter house', 'house']",3.8,4oLeXFyACqeem2VImYeBFe,https://open.spotify.com/artist/4oLeXFyACqeem2VImYeBFe
Fontaines D.C.,74,1091060,['post-punk'],4.03,3SXwqSqAoBz9WCI9PDQzY6,https://open.spotify.com/artist/3SXwqSqAoBz9WCI9PDQzY6
Flaire,46,8031,['nederpop'],3.15,24prX5FxY9YygEvM0AkXOH,https://open.spotify.com/artist/24prX5FxY9YygEvM0AkXOH
Frenna,71,659152,[],2.63,6m1LYS5NQonxjOcQFPQOb5,https://open.spotify.com/artist/6m1LYS5NQonxjOcQFPQOb5
Florence + The Machine,81,7183900,['baroque pop'],3.94,1moxjboGR7GNWYIMWsRjgG,https://open.spotify.com/artist/1moxjboGR7GNWYIMWsRjgG
Fleetwood Mac,87,13788675,"['classic rock', 'yacht rock', 'soft rock']",4.0,08GQAI4eElDnROBrJRGE0X,https://open.spotify.com/artist/08GQAI4eElDnROBrJRGE0X
FISHER,79,1170057,"['tech house', 'house']",3.04,1VJ0briNOlXRtJUAzoUJdt,https://open.spotify.com/artist/1VJ0briNOlXRtJUAzoUJdt
Frank Ocean,88,19984254,[],4.7,2h93pZq0e7k5yf4dywlkpM,https://open.spotify.com/artist/2h93pZq0e7k5yf4dywlkpM
Froukje,58,116815,['nederpop'],2.92,0uBVyPbLZRDNEBiA4fZUlp,https://open.spotify.com/artist/0uBVyPbLZRDNEBiA4fZUlp
Frank Van Etten,54,50628,['hollands'],3.28,6idunrSGiChqlZG6MJVhHM,https://open.spotify.com/artist/6idunrSGiChqlZG6MJVhHM
FLEMMING,60,388627,"['hollands', 'nederpop']",2.66,0YLlTW9rW7ZCy2cA2u3RYk,https://open.spotify.com/artist/0YLlTW9rW7ZCy2cA2u3RYk
Frsh,59,67030,[],2.06,19CxlXaWOlZh2pqZrJlHxN,https://open.spotify.com/artist/19CxlXaWOlZh2pqZrJlHxN
Frank Sinatra,80,8298874,"['christmas', 'big band', 'adult standards', 'swing music', 'jazz', 'vocal jazz']",3.21,1Mxqyy3pSjf8kZZL4QVxS0,https://open.spotify.com/artist/1Mxqyy3pSjf8kZZL4QVxS0
Fatah,57,109248,[],3.12,5tzrNHhl5pR4ljkkaz4DHN,https://open.spotify.com/artist/5tzrNHhl5pR4ljkkaz4DHN
Frans Bauer,52,135362,"['hollands', 'nederpop']",3.2,0v4CvkMzWBQ1wZIMl2BqQW,https://open.spotify.com/artist/0v4CvkMzWBQ1wZIMl2BqQW
Lost Frequencies,80,3087582,['tropical house'],2.71,7f5Zgnp2spUuuzKplmRkt7,https://open.spotify.com/artist/7f5Zgnp2spUuuzKplmRkt7
Flo Rida,83,8943114,[],3.68,0jnsk9HBra6NMjO2oANoPY,https://open.spotify.com/artist/0jnsk9HBra6NMjO2oANoPY
Pharrell Williams,83,5269838,[],4.11,2RdwBSPQiwcmiDo9kixcl8,https://open.spotify.com/artist/2RdwBSPQiwcmiDo9kixcl8
Ronnie Flex,71,608590,['nederpop'],2.68,5eir5zFJpES4j7gsymbVyl,https://open.spotify.com/artist/5eir5zFJpES4j7gsymbVyl
Ghost,77,3726512,"['metal', 'hard rock']",4.44,1Qp56T7n950O3EGMsSl81D,https://open.spotify.com/artist/1Qp56T7n950O3EGMsSl81D
Gorillaz,86,14129147,[],3.99,3AA28KZvwAUcZuOKwyblJQ,https://open.spotify.com/artist/3AA28KZvwAUcZuOKwyblJQ
Gunna,90,10130755,['melodic rap'],2.49,2hlmm7s2ICUX0LVIhVFlZQ,https://open.spotify.com/artist/2hlmm7s2ICUX0LVIhVFlZQ
Gotu Jim,50,12686,"['hard house', 'nederpop']",3.65,5rpTehBPpr3mo7L0ZDZhrQ,https://open.spotify.com/artist/5rpTehBPpr3mo7L0ZDZhrQ
Goldkimono,49,26421,[],3.34,3krHIfEy37pVe0zjdisDBk,https://open.spotify.com/artist/3krHIfEy37pVe0zjdisDBk
GIMS,85,7420764,"['french rap', 'french r&b', 'french pop', 'pop urbaine']",3.01,0GOx72r5AAEKRGQFn3xqXK,https://open.spotify.com/artist/0GOx72r5AAEKRGQFn3xqXK
Gracie Abrams,87,7056422,[],3.41,4tuJ0bMpJh08umKkEXKUI5,https://open.spotify.com/artist/4tuJ0bMpJh08umKkEXKUI5
Gerard Cox,42,12696,"['hollands', 'nederpop']",3.61,7fZiIcfYlK7sJbKpZLZSUh,https://open.spotify.com/artist/7fZiIcfYlK7sJbKpZLZSUh
GIVĒON,82,5107490,['r&b'],3.31,4fxd5Ee7UefO4CUXgwJ7IP,https://open.spotify.com/artist/4fxd5Ee7UefO4CUXgwJ7IP
Guus Meeuwis,59,442873,"['nederpop', 'hollands']",3.71,72qVrKXRp9GeFQOesj0Pmv,https://open.spotify.com/artist/72qVrKXRp9GeFQOesj0Pmv
Green Day,85,17171769,"['punk', 'pop punk']",3.7,7oPftvlwr6VrsViSDV7fJY,https://open.spotify.com/artist/7oPftvlwr6VrsViSDV7fJY
Goldband,57,152458,"['nederpop', 'hollands']",3.82,6mS5GeFyhea6w9OKo8PO3p,https://open.spotify.com/artist/6mS5GeFyhea6w9OKo8PO3p
Gipsy Kings,69,1054141,['flamenco'],3.72,3jc496ljiyrS3ECrD7QiqL,https://open.spotify.com/artist/3jc496ljiyrS3ECrD7QiqL
Gregossan,53,23881,[],2.49,0p2nWJAXVkj0IkhGiTcPdC,https://open.spotify.com/artist/0p2nWJAXVkj0IkhGiTcPdC
Guns N' Roses,83,34859550,"['rock', 'glam metal', 'hard rock', 'classic rock']",5.89,3qm84nBOXUEQ2vnTfUTTFC,https://open.spotify.com/artist/3qm84nBOXUEQ2vnTfUTTFC
GP UIT G,51,3907,[],2.36,4dgbnJmnTFDiJiKloaWH2p,https://open.spotify.com/artist/4dgbnJmnTFDiJiKloaWH2p
Golden Earring,57,305840,"['nederpop', 'classic rock']",4.95,1iTlOqIrZy8DlvCPJY2sjS,https://open.spotify.com/artist/1iTlOqIrZy8DlvCPJY2sjS
George Michael,75,5593992,[],5.3,19ra5tSw0tWufvUp8GotLo,https://open.spotify.com/artist/19ra5tSw0tWufvUp8GotLo
Gerard Joling,53,93742,"['hollands', 'nederpop']",3.84,5V2zReaoPvB7EsZ4160uLG,https://open.spotify.com/artist/5V2zReaoPvB7EsZ4160uLG
Gabry Ponte,76,706666,"['slap house', 'italo dance']",2.87,5ENS85nZShljwNgg4wFD7D,https://open.spotify.com/artist/5ENS85nZShljwNgg4wFD7D
Sting,75,3819143,['soft rock'],4.25,0Ty63ceoRnnJKVEYP0VQpk,https://open.spotify.com/artist/0Ty63ceoRnnJKVEYP0VQpk
The Goo Goo Dolls,80,3407214,[],4.15,2sil8z5kiy4r76CRTXxBCA,https://open.spotify.com/artist/2sil8z5kiy4r76CRTXxBCA
Hermanos Gutiérrez,71,774369,[],3.05,73mSg0dykFyhvU96tb5xQV,https://open.spotify.com/artist/73mSg0dykFyhvU96tb5xQV
Hunxho,68,616781,[],2.78,508weSx4HBumrGggFmc7br,https://open.spotify.com/artist/508weSx4HBumrGggFmc7br
horsegiirL,55,124549,[],3.01,0auP293abZeTWwMUi3fZw2,https://open.spotify.com/artist/0auP293abZeTWwMUi3fZw2
Holy Priest,71,372167,"['hard techno', 'techno', 'tekno', 'hardcore techno']",2.87,5UG2ipdnA4vk8Eevkf1s06,https://open.spotify.com/artist/5UG2ipdnA4vk8Eevkf1s06
HIGH SOCIETY,57,3768,[],2.73,4jKqyxQfzYrfO3MvccH7Ps,https://open.spotify.com/artist/4jKqyxQfzYrfO3MvccH7Ps
HAEVN,61,214025,[],4.0,65Tmt9uAPTYGl1ZhsOeEJ6,https://open.spotify.com/artist/65Tmt9uAPTYGl1ZhsOeEJ6
HUGEL,82,630307,"['latin house', 'afro house', 'techengue']",2.92,5PlfkPxwCpRRWQJBxCa0By,https://open.spotify.com/artist/5PlfkPxwCpRRWQJBxCa0By
Herman van Veen,50,90910,"['nederpop', 'hollands']",3.33,5jWFYMXC1s1pj0u22ps4Sh,https://open.spotify.com/artist/5jWFYMXC1s1pj0u22ps4Sh
Hef,61,196828,[],3.1,7ge3QfYPMTjDbMoVLuuIuJ,https://open.spotify.com/artist/7ge3QfYPMTjDbMoVLuuIuJ
Henk Wijngaard,52,54327,"['hollands', 'polka', 'nederpop']",3.33,0EyzZUO2ycn0hLjKDFT7Hb,https://open.spotify.com/artist/0EyzZUO2ycn0hLjKDFT7Hb
Halsey,84,22311239,[],3.56,26VFTg2z8YR0cCuwLzESi2,https://open.spotify.com/artist/26VFTg2z8YR0cCuwLzESi2
Hans Zimmer,80,4717274,['soundtrack'],3.01,0YC192cP3KPCRWx8zr8MfZ,https://open.spotify.com/artist/0YC192cP3KPCRWx8zr8MfZ
Hannah Mae,58,65829,"['nederpop', 'hollands']",2.98,5oNWzcU0mYK1zDUxBGHIaG,https://open.spotify.com/artist/5oNWzcU0mYK1zDUxBGHIaG
Harry Styles,84,33996719,[],4.0,6KImCVD70vtIoJWnq6nGn3,https://open.spotify.com/artist/6KImCVD70vtIoJWnq6nGn3
Hozier,86,9049486,[],4.06,2FXC3k01G6Gw61bmprjgqS,https://open.spotify.com/artist/2FXC3k01G6Gw61bmprjgqS
HUNTR/X,92,2756436,['k-pop'],3.31,2yNNYQBChuox9A5Ka93BIn,https://open.spotify.com/artist/2yNNYQBChuox9A5Ka93BIn
Henkie T,58,140320,[],2.88,3n51Vz9Zb9aFmoXmXZ50El,https://open.spotify.com/artist/3n51Vz9Zb9aFmoXmXZ50El
Hekje31,55,37809,[],3.13,010ZclHHy7BrTO5AQ0xGgn,https://open.spotify.com/artist/010ZclHHy7BrTO5AQ0xGgn
Whitney Houston,79,11466716,[],4.52,6XpaIBNiVzIetEPCWDvAFP,https://open.spotify.com/artist/6XpaIBNiVzIetEPCWDvAFP
JAY-Z,86,10259528,"['hip hop', 'east coast hip hop', 'rap']",3.9,3nFkdlSjzX9mRTtwJOzDYB,https://open.spotify.com/artist/3nFkdlSjzX9mRTtwJOzDYB
Igorrr,55,286858,"['breakcore', 'avant-garde']",4.05,2p2uE4i92Dn4DkThfoKIB9,https://open.spotify.com/artist/2p2uE4i92Dn4DkThfoKIB9
I Prevail,73,1836128,"['metalcore', 'metal']",3.44,3Uobr6LgQpBbk6k4QGAb3V,https://open.spotify.com/artist/3Uobr6LgQpBbk6k4QGAb3V
IDLES,63,828779,"['post-punk', 'punk', 'noise rock']",3.58,75mafsNqNE1WSEVxIKuY5C,https://open.spotify.com/artist/75mafsNqNE1WSEVxIKuY5C
Iron Maiden,75,10297737,"['heavy metal', 'metal', 'hard rock', 'rock']",5.29,6mdiAmATAx73kdxrNrnlao,https://open.spotify.com/artist/6mdiAmATAx73kdxrNrnlao
ian,71,655701,[],2.34,23hzc59PkIUau13dqXx5Ef,https://open.spotify.com/artist/23hzc59PkIUau13dqXx5Ef
ILLIT,78,3496421,['k-pop'],2.81,36cgvBn0aadzOijnjjwqMN,https://open.spotify.com/artist/36cgvBn0aadzOijnjjwqMN
ILLIE,53,16061,[],2.77,04fDz5ShbYBrGXsujOoVT5,https://open.spotify.com/artist/04fDz5ShbYBrGXsujOoVT5
Isabèl Usher,49,18674,['nederpop'],3.05,66Q9dkZ7EXdwU2h6tEkUdC,https://open.spotify.com/artist/66Q9dkZ7EXdwU2h6tEkUdC
İbrahim Tatlıses,67,2812177,"['arabesk', 'oyun havasi', 'turkish pop']",4.06,0gPgE6wLLiPnrakh9WcsdQ,https://open.spotify.com/artist/0gPgE6wLLiPnrakh9WcsdQ
Idaly,66,120092,[],2.66,1EYdbYpGAuJy6uZo4sVMoM,https://open.spotify.com/artist/1EYdbYpGAuJy6uZo4sVMoM
Ice Cube,76,10935100,"['gangster rap', 'west coast hip hop', 'old school hip hop', 'g-funk', 'hip hop']",4.23,3Mcii5XWf6E0lrY3Uky4cA,https://open.spotify.com/artist/3Mcii5XWf6E0lrY3Uky4cA
Inez,52,105822,['moroccan pop'],2.79,2sGGaKKex7GgNlH1DRXZSa,https://open.spotify.com/artist/2sGGaKKex7GgNlH1DRXZSa
Ice Spice,74,4736690,[],2.24,3LZZPxNDGDFVSIPqf4JuEf,https://open.spotify.com/artist/3LZZPxNDGDFVSIPqf4JuEf
Imagine Dragons,89,58129877,[],3.23,53XhwfbYqKCa1cC15pYq2q,https://open.spotify.com/artist/53XhwfbYqKCa1cC15pYq2q
ICE,46,44757,[],2.61,2lijXumljJXXrdagON1wtM,https://open.spotify.com/artist/2lijXumljJXXrdagON1wtM
Ismo,49,181118,[],3.26,2vRJ1xr5DT4PdBnM63DBJZ,https://open.spotify.com/artist/2vRJ1xr5DT4PdBnM63DBJZ
Ilse DeLange,49,270127,['nederpop'],3.76,3FTKP1k9VbOng3m1rgnsqx,https://open.spotify.com/artist/3FTKP1k9VbOng3m1rgnsqx
INNA,74,1511707,['europop'],3.45,2w9zwq3AktTeYYMuhMjju8,https://open.spotify.com/artist/2w9zwq3AktTeYYMuhMjju8
Sebastian Ingrosso,72,1005717,['edm'],3.85,6hyMWrxGBsOx6sWcVj1DqP,https://open.spotify.com/artist/6hyMWrxGBsOx6sWcVj1DqP
Indila,73,2501404,['french pop'],4.03,0FEJqmeLRzsXj8hgcZaAyB,https://open.spotify.com/artist/0FEJqmeLRzsXj8hgcZaAyB
Imogen Heap,78,1091142,[],3.44,6Xb4ezwoAQC4516kI89nWz,https://open.spotify.com/artist/6Xb4ezwoAQC4516kI89nWz
Julio Iglesias,74,3545861,['bolero'],4.21,4etuCZVdP8yiNPn4xf0ie5,https://open.spotify.com/artist/4etuCZVdP8yiNPn4xf0ie5
Doechii,81,3180418,[],3.04,4E2rKHVDssGJm2SCDOMMJB,https://open.spotify.com/artist/4E2rKHVDssGJm2SCDOMMJB
Eagles,79,12056709,"['classic rock', 'yacht rock', 'soft rock']",4.78,0ECwFtbIWEVNwjlrfc6xoL,https://open.spotify.com/artist/0ECwFtbIWEVNwjlrfc6xoL
Enrique Iglesias,81,11865955,"['latin pop', 'latin']",3.68,7qG3b048QCHVRO5Pv1T5lw,https://open.spotify.com/artist/7qG3b048QCHVRO5Pv1T5lw
Jul,85,12467270,"['french rap', 'pop urbaine']",3.54,3IW7ScrzXmPvZhB27hmfgy,https://open.spotify.com/artist/3IW7ScrzXmPvZhB27hmfgy
Joost,67,943724,"['gabber', 'europop']",2.26,6s5ubAp65wXoTZefE01RNR,https://open.spotify.com/artist/6s5ubAp65wXoTZefE01RNR
Juice WRLD,89,42086435,"['melodic rap', 'emo rap']",3.25,4MCBfE4596Uoi2O4DtmEMz,https://open.spotify.com/artist/4MCBfE4596Uoi2O4DtmEMz
Josylvio,64,621982,[],3.22,1wFoE1RwBMWoWkXcFrCgsx,https://open.spotify.com/artist/1wFoE1RwBMWoWkXcFrCgsx
Jordymone9,54,57456,[],3.2,60gg31QLbNuGwl12YPBAUK,https://open.spotify.com/artist/60gg31QLbNuGwl12YPBAUK
Jannes,52,98626,"['hollands', 'nederpop']",3.46,02ydjJPvRKpejxRzZyHdaq,https://open.spotify.com/artist/02ydjJPvRKpejxRzZyHdaq
JID,80,2214559,[],3.63,6U3ybJ9UHNKEdsH7ktGBZ7,https://open.spotify.com/artist/6U3ybJ9UHNKEdsH7ktGBZ7
Jack,56,43744,[],2.55,7CIYYEGtuTl0sjwEY8ihGh,https://open.spotify.com/artist/7CIYYEGtuTl0sjwEY8ihGh
JoeyAK,60,224751,[],3.29,4iCzh7b2cLbHVsPOwhr8W0,https://open.spotify.com/artist/4iCzh7b2cLbHVsPOwhr8W0
De Jeugd Van Tegenwoordig,54,176044,"['nederpop', 'hollands']",4.24,1u7uShzlA1tXJeox3jMFPq,https://open.spotify.com/artist/1u7uShzlA1tXJeox3jMFPq
John Mayer,79,6194092,['singer-songwriter'],3.75,0hEurMDQu99nJRq8pTxO14,https://open.spotify.com/artist/0hEurMDQu99nJRq8pTxO14
James Arthur,83,20731492,['soft pop'],3.69,4IWBUUAFIplrNtaOHcJPRM,https://open.spotify.com/artist/4IWBUUAFIplrNtaOHcJPRM
Jan Smit,61,234697,"['hollands', 'nederpop']",3.23,7iR5h6yGnTiswjsmj624Rq,https://open.spotify.com/artist/7iR5h6yGnTiswjsmj624Rq
Jonna Fraser,66,282711,[],3.22,5adKMaYrGOMyOfnbiLPuHg,https://open.spotify.com/artist/5adKMaYrGOMyOfnbiLPuHg
J. Cole,86,26920252,['rap'],4.0,6l3HvQ5sa6mXTsMTB19rO5,https://open.spotify.com/artist/6l3HvQ5sa6mXTsMTB19rO5
Jelly Roll,83,5978633,"['country hip hop', 'country']",3.22,19k8AgwwTSxeaxkOuCQEJs,https://open.spotify.com/artist/19k8AgwwTSxeaxkOuCQEJs
Juf Roos,62,42935,"[""children's music""]",1.3,0iPd49ijIfA2JCZSZ4QDPv,https://open.spotify.com/artist/0iPd49ijIfA2JCZSZ4QDPv
Justin Timberlake,85,15682018,[],5.04,31TPClRtHm23RisEBtV3X7,https://open.spotify.com/artist/31TPClRtHm23RisEBtV3X7
John West,59,51462,['hollands'],2.8,1gNkL43OfyaGHUThYKYvMy,https://open.spotify.com/artist/1gNkL43OfyaGHUThYKYvMy
Billy Joel,82,7301922,['soft rock'],4.06,6zFYqv1mOsgBRQbae3JJ9e,https://open.spotify.com/artist/6zFYqv1mOsgBRQbae3JJ9e
J Balvin,90,38897971,"['reggaeton', 'latin']",4.04,1vyhD5VmyZ7KMfW5gqLgo5,https://open.spotify.com/artist/1vyhD5VmyZ7KMfW5gqLgo5
KI/KI,61,77947,"['hard house', 'acid techno', 'techno', 'trance']",3.65,0UMs6dTf23FC2fHc40fXNS,https://open.spotify.com/artist/0UMs6dTf23FC2fHc40fXNS
KETTAMA,66,139883,"['hard house', 'uk garage']",4.36,3an9rnsXKPCAMlZgH4A0n4,https://open.spotify.com/artist/3an9rnsXKPCAMlZgH4A0n4
Keinemusik,77,530690,"['afro house', 'melodic house', 'house', 'afro tech']",5.09,26WKgv73kRHD0gEDKD1i8j,https://open.spotify.com/artist/26WKgv73kRHD0gEDKD1i8j
KATSEYE,87,4299612,['k-pop'],2.68,3c0gDdb9lhnHGFtP4prQpn,https://open.spotify.com/artist/3c0gDdb9lhnHGFtP4prQpn
Kybba,71,239720,"['shatta', 'dancehall', 'moombahton']",2.25,5I8OAPN5jY1wvHwpnsRRsA,https://open.spotify.com/artist/5I8OAPN5jY1wvHwpnsRRsA
Kanye West,93,30785885,['rap'],4.5,5K4W6rqBFWDnAN6FQUkS6x,https://open.spotify.com/artist/5K4W6rqBFWDnAN6FQUkS6x
Kensington,58,464211,['nederpop'],3.48,5hHcAWKNV84BEbkRnbQ6A7,https://open.spotify.com/artist/5hHcAWKNV84BEbkRnbQ6A7
kans,48,8480,['sexy drill'],2.74,5giLuovJmGDbdWieMDoLyr,https://open.spotify.com/artist/5giLuovJmGDbdWieMDoLyr
Kevin,66,197030,[],2.97,0IxgA9wO4Op3CSnPlhfwV1,https://open.spotify.com/artist/0IxgA9wO4Op3CSnPlhfwV1
Kinderen voor Kinderen,61,236993,"[""children's music""]",2.91,7evlWm7RyagYqxSQN5E6UN,https://open.spotify.com/artist/7evlWm7RyagYqxSQN5E6UN
Krezip,52,123677,['nederpop'],3.47,0ZLfGbfO9xjpfna1pN8BeX,https://open.spotify.com/artist/0ZLfGbfO9xjpfna1pN8BeX
Kendrick Lamar,93,43959854,"['hip hop', 'west coast hip hop']",4.12,2YZyLoL8N0Wb9xBt1NhZWg,https://open.spotify.com/artist/2YZyLoL8N0Wb9xBt1NhZWg
KA,61,134699,[],3.3,7DpYMZzVNrjqw1geHziUEd,https://open.spotify.com/artist/7DpYMZzVNrjqw1geHziUEd
KAROL G,92,59580857,"['reggaeton', 'latin', 'urbano latino']",3.2,790FomKkXshlbRYZFtlgla,https://open.spotify.com/artist/790FomKkXshlbRYZFtlgla
Kraantje Pappie,62,292338,"['nederpop', 'hollands']",3.07,5yDkaiPTFbHGWCMXAEBt5Q,https://open.spotify.com/artist/5yDkaiPTFbHGWCMXAEBt5Q
Katy Perry,87,38099730,['pop'],3.62,6jJ0s89eD6GaHleKKya26X,https://open.spotify.com/artist/6jJ0s89eD6GaHleKKya26X
KM,60,40669,[],2.87,0MSYpagcvnSP2o91Ji2OCw,https://open.spotify.com/artist/0MSYpagcvnSP2o91Ji2OCw
KPop Demon Hunters Cast,95,1255765,['k-pop'],3.16,7mW7Tv7NvywKKXqafZo0Lc,https://open.spotify.com/artist/7mW7Tv7NvywKKXqafZo0Lc
Queen,86,54891626,"['classic rock', 'rock', 'glam rock']",3.86,1dfeR4HaWDbWqFHLkxsg1d,https://open.spotify.com/artist/1dfeR4HaWDbWqFHLkxsg1d
Kris Kross Amsterdam,64,258320,['hollands'],2.74,4LcUpNlXFEleaLlelmkv2R,https://open.spotify.com/artist/4LcUpNlXFEleaLlelmkv2R
Lijpe,68,610981,[],3.9,6INEFmHKLhMIJAQzHUBAMd,https://open.spotify.com/artist/6INEFmHKLhMIJAQzHUBAMd
LAMMER,40,6519,['hard house'],4.18,5XCMynHbftLKbZ0Mp6iHdc,https://open.spotify.com/artist/5XCMynHbftLKbZ0Mp6iHdc
Lauren Spencer Smith,71,1743855,[],2.9,79AyR6ATpj2LTPxfb6FX50,https://open.spotify.com/artist/79AyR6ATpj2LTPxfb6FX50
Laufey,87,8160848,[],3.33,7gW0r5CkdEUMm42w9XpyZO,https://open.spotify.com/artist/7gW0r5CkdEUMm42w9XpyZO
Limp Bizkit,82,7961416,"['nu metal', 'rap metal', 'alternative metal', 'rap rock']",4.16,165ZgPlLkK7bf5bDoFc6Sb,https://open.spotify.com/artist/165ZgPlLkK7bf5bDoFc6Sb
Lil Kleine,71,1129758,[],2.87,3AlRiyjMywTVNzTcHbf9QT,https://open.spotify.com/artist/3AlRiyjMywTVNzTcHbf9QT
Lil Peep,86,15471869,"['emo rap', 'cloud rap']",2.64,2kCcBybjl3SAtIcwdWpUe3,https://open.spotify.com/artist/2kCcBybjl3SAtIcwdWpUe3
Loyle Carner,67,815902,"['jazz rap', 'indie soul']",3.43,4oDjh8wNW5vDHyFRrDYC4k,https://open.spotify.com/artist/4oDjh8wNW5vDHyFRrDYC4k
Lvbel C5,78,4334656,"['turkish hip hop', 'drill', 'turkish pop']",1.96,0V2oXYR7DtrZAEFeILRW2r,https://open.spotify.com/artist/0V2oXYR7DtrZAEFeILRW2r
Linkin Park,92,31360594,"['nu metal', 'rap metal', 'rock', 'alternative metal']",3.12,6XyY86QOPPrYVGvF9ch6wz,https://open.spotify.com/artist/6XyY86QOPPrYVGvF9ch6wz
Lewis Capaldi,82,13896517,['soft pop'],3.46,4GNC7GD6oZMSxPGyXy4MNB,https://open.spotify.com/artist/4GNC7GD6oZMSxPGyXy4MNB
Lola Young,82,1387226,[],3.85,67FB4n52MgexGQIG8s0yUH,https://open.spotify.com/artist/67FB4n52MgexGQIG8s0yUH
Lana Del Rey,92,50848585,[],4.58,00FQb4jTyendYWaN8pK0wa,https://open.spotify.com/artist/00FQb4jTyendYWaN8pK0wa
Lady Gaga,93,41425771,"['art pop', 'pop']",3.93,1HY2Jd0NmPuamShAr6KMms,https://open.spotify.com/artist/1HY2Jd0NmPuamShAr6KMms
Lil Baby,89,21418208,[],2.81,5f7VJjfbwm532GiveGC0ZK,https://open.spotify.com/artist/5f7VJjfbwm532GiveGC0ZK
Leblanco,60,49560,[],2.79,3xPDzlchimtvIGqPc1lZl2,https://open.spotify.com/artist/3xPDzlchimtvIGqPc1lZl2
Lorde,84,10485029,[],3.8,163tK9Wjr9P9DmM0AVK7lm,https://open.spotify.com/artist/163tK9Wjr9P9DmM0AVK7lm
LUNA,60,27237,['nederpop'],2.97,7eBiPPZezCgV5rrO5x47qf,https://open.spotify.com/artist/7eBiPPZezCgV5rrO5x47qf
LA$$A,58,16577,['hollands'],2.33,36WPIJMvnC1lSvjwMHrGAR,https://open.spotify.com/artist/36WPIJMvnC1lSvjwMHrGAR
Mainstreet,37,16656,[],3.26,6IIs5PK42rSjMdCnS3D2w6,https://open.spotify.com/artist/6IIs5PK42rSjMdCnS3D2w6
Marlon Hoffstadt,67,175528,"['hard house', 'eurodance', 'trance', 'techno']",3.19,0HHa7ZJZxUQlg5l2mB0N0f,https://open.spotify.com/artist/0HHa7ZJZxUQlg5l2mB0N0f
Muse,79,8420817,"['alternative rock', 'rock']",4.4,12Chz98pHFMPJEknJQMWvI,https://open.spotify.com/artist/12Chz98pHFMPJEknJQMWvI
Milolaathetlukken,54,13641,[],2.14,31RYhg7Auitqp3eg9rTB9i,https://open.spotify.com/artist/31RYhg7Auitqp3eg9rTB9i
Metallica,86,31834478,"['metal', 'thrash metal', 'rock', 'heavy metal', 'hard rock']",6.15,2ye2Wgw4gimLv2eAKyk1NB,https://open.spotify.com/artist/2ye2Wgw4gimLv2eAKyk1NB
Morgan Wallen,93,13728485,['country'],3.1,4oUHIQIBe0LHzYfvXNW4QM,https://open.spotify.com/artist/4oUHIQIBe0LHzYfvXNW4QM
Mac DeMarco,83,7874982,"['indie', 'lo-fi indie']",3.41,3Sz7ZnJQBIHsXLUSo0OQtM,https://open.spotify.com/artist/3Sz7ZnJQBIHsXLUSo0OQtM
Martin Garrix,79,15137342,"['edm', 'electronica', 'progressive house']",3.39,60d24wfXkVzDSfLS6hyCjZ,https://open.spotify.com/artist/60d24wfXkVzDSfLS6hyCjZ
Mac Miller,85,12094603,[],3.86,4LLpKhyESsyAXpc4laK94U,https://open.spotify.com/artist/4LLpKhyESsyAXpc4laK94U
Mula B,60,248963,[],3.23,6zEaCvF0CqEHs7kFyBkLHi,https://open.spotify.com/artist/6zEaCvF0CqEHs7kFyBkLHi
Michael Jackson,87,36953856,[],4.63,3fMbdgg4jU18AjLCKBhRSm,https://open.spotify.com/artist/3fMbdgg4jU18AjLCKBhRSm
MEAU,61,212765,"['nederpop', 'hollands']",3.13,2F3Mdh2idBVOiMTxXoxc10,https://open.spotify.com/artist/2F3Mdh2idBVOiMTxXoxc10
Marco Borsato,58,717376,"['nederpop', 'hollands']",4.36,3D2GUXbtlL3r2d5HJEnsFD,https://open.spotify.com/artist/3D2GUXbtlL3r2d5HJEnsFD
Maan,57,315124,"['nederpop', 'hollands']",3.13,5vmwWgrlwCfHm1P0vdDFbU,https://open.spotify.com/artist/5vmwWgrlwCfHm1P0vdDFbU
Miley Cyrus,85,26426650,[],3.8,5YGY8feqx7naU7z4HrwZM6,https://open.spotify.com/artist/5YGY8feqx7naU7z4HrwZM6
Mart Hoogkamer,61,150758,"['hollands', 'nederpop']",2.85,6jhluGyF1XVIlfPol7oXqa,https://open.spotify.com/artist/6jhluGyF1XVIlfPol7oXqa
Stray Kids,89,20619678,"['k-pop', 'noise music']",2.92,2dIgFjalVxs4ThymZ67YCE,https://open.spotify.com/artist/2dIgFjalVxs4ThymZ67YCE
Maroon 5,89,45527643,['pop'],3.68,04gDigrS5kc9YWfZHwBETP,https://open.spotify.com/artist/04gDigrS5kc9YWfZHwBETP
Shawn Mendes,85,45551704,[],3.3,7n2wHs1TKAczGzO7Dd2rGr,https://open.spotify.com/artist/7n2wHs1TKAczGzO7Dd2rGr
Marco Schuitmaker,59,124214,"['hollands', 'nederpop']",3.02,5kukvi4C18gvtXbDS1eKjQ,https://open.spotify.com/artist/5kukvi4C18gvtXbDS1eKjQ
NF,80,11095132,['christian hip hop'],3.9,6fOMl44jA4Sp5b9PpYCkzz,https://open.spotify.com/artist/6fOMl44jA4Sp5b9PpYCkzz
YoungBoy Never Broke Again,87,14664603,[],2.86,7wlFDEWiM5OoIAt8RSli8b,https://open.spotify.com/artist/7wlFDEWiM5OoIAt8RSli8b
Noxiouz,50,16522,"['hardcore', 'frenchcore', 'hardstyle', 'speedcore', 'gabber']",2.79,3a898qKIO2UeKsWMKH7R38,https://open.spotify.com/artist/3a898qKIO2UeKsWMKH7R38
Nothing But Thieves,67,1317675,[],3.75,1kDGbuxWknIKx4FlgWxiSp,https://open.spotify.com/artist/1kDGbuxWknIKx4FlgWxiSp
Nick & Simon,50,209481,"['hollands', 'nederpop']",3.21,3jBNLmJDEBWEoidTT7l1Jn,https://open.spotify.com/artist/3jBNLmJDEBWEoidTT7l1Jn
Noah Kahan,85,4320810,[],4.14,2RQXRUsr4IW1f3mKyKsy4B,https://open.spotify.com/artist/2RQXRUsr4IW1f3mKyKsy4B
Natte Visstick,57,82866,"['hard techno', 'techno', 'tekno', 'gabber', 'hardcore techno']",2.4,5hUbXqyif2dZ3ArU1v9Rli,https://open.spotify.com/artist/5hUbXqyif2dZ3ArU1v9Rli
Normaal,50,58598,"['nederpop', 'hollands', 'polka']",3.59,2QU0ew2k2IZJifa8VWevSv,https://open.spotify.com/artist/2QU0ew2k2IZJifa8VWevSv
Nirvana,85,23091026,"['grunge', 'rock']",3.93,6olE6TJLqED3rqDCT0FyPh,https://open.spotify.com/artist/6olE6TJLqED3rqDCT0FyPh
Nemzzz,77,1482030,"['uk drill', 'drill']",2.31,3DHtfeD4PsmR9YGhCP4VF7,https://open.spotify.com/artist/3DHtfeD4PsmR9YGhCP4VF7
Nass,50,57096,[],2.55,2vmQP2rkDh9bcyzhP1YVKU,https://open.spotify.com/artist/2vmQP2rkDh9bcyzhP1YVKU
Nicki Minaj,88,34237382,[],3.58,0hCNtLu0JehylgoiP8L4Gh,https://open.spotify.com/artist/0hCNtLu0JehylgoiP8L4Gh
Nachtdienst,48,9160,[],2.57,3064mDVay7KaKF8TyuD8kw,https://open.spotify.com/artist/3064mDVay7KaKF8TyuD8kw
Norah Jones,75,3352814,[],3.14,2Kx7MNY7cI1ENniW7vT30N,https://open.spotify.com/artist/2Kx7MNY7cI1ENniW7vT30N
Nijntje,53,19082,"[""children's music""]",3.22,3Jr5VVvMRw3ZmWSqmtHS5c,https://open.spotify.com/artist/3Jr5VVvMRw3ZmWSqmtHS5c
Noano,53,37923,[],2.5,5eDdy8QxB47JsLASK2FI1m,https://open.spotify.com/artist/5eDdy8QxB47JsLASK2FI1m
Ne-Yo,84,10100496,[],3.94,21E3waRsmPlU7jZsS13rcj,https://open.spotify.com/artist/21E3waRsmPlU7jZsS13rcj
Nelly Furtado,80,4632637,[],4.01,2jw70GZXlAI8QzWeY2bgRc,https://open.spotify.com/artist/2jw70GZXlAI8QzWeY2bgRc
NOBODYPANICC,54,1463,[],2.82,4JIZ3k1lKVbM61RPGN6QTg,https://open.spotify.com/artist/4JIZ3k1lKVbM61RPGN6QTg
Nicky Jam,85,20390229,"['reggaeton', 'latin']",3.3,1SupJlEpv7RS2tPNRaHViT,https://open.spotify.com/artist/1SupJlEpv7RS2tPNRaHViT
The Neighbourhood,86,21313005,[],3.83,77SW9BnxLY8rJ0RciFqkHh,https://open.spotify.com/artist/77SW9BnxLY8rJ0RciFqkHh
Neckwav,86,92331,[],2.94,5bXNU0MAF2HSqyFPhYtscH,https://open.spotify.com/artist/5bXNU0MAF2HSqyFPhYtscH
Post Malone,90,47560068,[],3.36,246dkjvS1zLTtiykXe5h60,https://open.spotify.com/artist/246dkjvS1zLTtiykXe5h60
Olivia Dean,87,1046969,['pop soul'],3.48,00x1fYSGhdqScXBRpSj3DW,https://open.spotify.com/artist/00x1fYSGhdqScXBRpSj3DW
Oasis,85,12189174,"['britpop', 'madchester']",5.19,2DaxqgrOhkeH0fpeiQq2f4,https://open.spotify.com/artist/2DaxqgrOhkeH0fpeiQq2f4
Odymel,57,26711,"['hard house', 'techno', 'hypertechno', 'hard techno', 'eurodance', 'trance', 'bounce']",4.06,7c4fOBUstnjfbvSwtOJSiA,https://open.spotify.com/artist/7c4fOBUstnjfbvSwtOJSiA
Olivia Rodrigo,89,48342143,[],3.23,1McMsnEElThX1knmY4oliG,https://open.spotify.com/artist/1McMsnEElThX1knmY4oliG
Outsiders,64,154942,"['hardstyle', 'hardcore', 'hardcore techno', 'frenchcore']",2.87,0aKXalHKVzkLJ6aeUY3HMf,https://open.spotify.com/artist/0aKXalHKVzkLJ6aeUY3HMf
Ozzy Osbourne,81,7424500,"['metal', 'glam metal', 'heavy metal', 'hard rock']",4.84,6ZLTlhejhndI4Rh53vYhrY,https://open.spotify.com/artist/6ZLTlhejhndI4Rh53vYhrY
OsamaSon,70,403673,"['rage rap', 'underground hip hop']",1.83,0uj6QiPsPfK8ywLC7uwBE1,https://open.spotify.com/artist/0uj6QiPsPfK8ywLC7uwBE1
One Direction,86,40181977,[],3.68,4AK6F7OLvEQ5QYCBNiQWHq,https://open.spotify.com/artist/4AK6F7OLvEQ5QYCBNiQWHq
Oscar and the Wolf,55,343678,[],3.99,0dLWSYE7my9AbpQYNJ0ABV,https://open.spotify.com/artist/0dLWSYE7my9AbpQYNJ0ABV
Oliver Heldens,67,1060891,"['future house', 'house']",2.97,5nki7yRhxgM509M5ADlN1p,https://open.spotify.com/artist/5nki7yRhxgM509M5ADlN1p
Offset,82,5539386,[],3.2,4DdkRBBYG6Yk9Ka8tdJ9BW,https://open.spotify.com/artist/4DdkRBBYG6Yk9Ka8tdJ9BW
Opgezwolle,39,36649,[],4.05,0lYZJXC0yZWGt1HdzZUd7L,https://open.spotify.com/artist/0lYZJXC0yZWGt1HdzZUd7L
OYSTER,59,6543,[],2.78,5vxYgsUqkYuqL5nLzwnKsk,https://open.spotify.com/artist/5vxYgsUqkYuqL5nLzwnKsk
OneRepublic,85,18588774,['soft pop'],3.32,5Pwc4xIPtQLFEnJriah9YJ,https://open.spotify.com/artist/5Pwc4xIPtQLFEnJriah9YJ
Omah Lay,77,5333050,"['afrobeats', 'afrobeat', 'afropop', 'afro r&b', 'afropiano', 'afro soul']",2.88,5yOvAmpIR7hVxiS6Ls5DPO,https://open.spotify.com/artist/5yOvAmpIR7hVxiS6Ls5DPO
The Opposites,54,158616,"['nederpop', 'hollands']",3.46,23951Pg9PiLB8Uza3k12g6,https://open.spotify.com/artist/23951Pg9PiLB8Uza3k12g6
Outkast,77,3321743,"['southern hip hop', 'hip hop']",4.76,1G9G7WwrXka3Z1r7aIDjI7,https://open.spotify.com/artist/1G9G7WwrXka3Z1r7aIDjI7
Ozuna,89,39148509,"['reggaeton', 'trap latino', 'latin', 'urbano latino']",3.85,1i8SpTcr7yvPOmcqrbnVXY,https://open.spotify.com/artist/1i8SpTcr7yvPOmcqrbnVXY
Stichting Opwekking,54,41945,"['christian', 'worship', ""children's music"", 'gospel']",5.59,4xFGtK82ouiHEMuO1WfEUJ,https://open.spotify.com/artist/4xFGtK82ouiHEMuO1WfEUJ
Orso,72,5015,['afro house'],3.31,2yyaNPcdxZcn4iutCcLMaC,https://open.spotify.com/artist/2yyaNPcdxZcn4iutCcLMaC
Berliner Philharmoniker,75,257549,"['classical', 'orchestral', 'opera', 'requiem']",6.93,6uRJnvQ3f8whVnmeoecv5Z,https://open.spotify.com/artist/6uRJnvQ3f8whVnmeoecv5Z
The Rolling Stones,81,15610377,"['classic rock', 'rock']",4.84,22bE4uQ6baNwSHPVcDxLCe,https://open.spotify.com/artist/22bE4uQ6baNwSHPVcDxLCe
Ovy On The Drums,87,1397461,['reggaeton'],3.19,3m5qlPf2OkihLz3dRYnkPA,https://open.spotify.com/artist/3m5qlPf2OkihLz3dRYnkPA
Pegassi,55,36358,"['hard house', 'trance', 'eurodance', 'hypertechno', 'techno']",3.77,2A4uiWrfuBpVFugyvxAt4c,https://open.spotify.com/artist/2A4uiWrfuBpVFugyvxAt4c
Parcels,74,1057576,['indie soul'],4.24,3oKRxpszQKUjjaHz388fVA,https://open.spotify.com/artist/3oKRxpszQKUjjaHz388fVA
Paul de Leeuw,51,85114,"['nederpop', 'hollands']",4.22,2UWFwMXUXbEs79qbI4NdTT,https://open.spotify.com/artist/2UWFwMXUXbEs79qbI4NdTT
PAWSA,71,367714,"['tech house', 'house']",3.68,4E0HD2PMY8kQJIjlShrLUS,https://open.spotify.com/artist/4E0HD2PMY8kQJIjlShrLUS
Pink Floyd,83,22558491,"['progressive rock', 'psychedelic rock', 'classic rock', 'art rock', 'rock']",5.0,0k17h0D3J5VfsdmQ1iZtE9,https://open.spotify.com/artist/0k17h0D3J5VfsdmQ1iZtE9
PARTYNEXTDOOR,87,9888979,"['dark r&b', 'r&b', 'trap soul']",2.8,2HPaUgqeutzr3jx5a9WyDV,https://open.spotify.com/artist/2HPaUgqeutzr3jx5a9WyDV
PNL,76,9876470,"['french rap', 'pop urbaine']",4.09,3NH8t45zOTqzlZgBvZRjvB,https://open.spotify.com/artist/3NH8t45zOTqzlZgBvZRjvB
Playboi Carti,90,14839393,['rage rap'],3.5,699OTQXzgjhIYAHMy9RyPD,https://open.spotify.com/artist/699OTQXzgjhIYAHMy9RyPD
Prince,73,7814572,"['funk', 'funk rock']",5.09,5a2EaR3hamoenG9rDuVn8j,https://open.spotify.com/artist/5a2EaR3hamoenG9rDuVn8j
PinkPantheress,81,4646091,['bedroom pop'],2.23,78rUTD7y6Cy67W1RVzYs7t,https://open.spotify.com/artist/78rUTD7y6Cy67W1RVzYs7t
Pearl Jam,78,9843643,"['grunge', 'rock', 'post-grunge']",4.75,1w5Kfo2jwwIPruYS2UWh56,https://open.spotify.com/artist/1w5Kfo2jwwIPruYS2UWh56
Pommelien Thijs,64,215462,['nederpop'],3.14,3zGV7t4BDmYZBLVA24487b,https://open.spotify.com/artist/3zGV7t4BDmYZBLVA24487b
Paul Elstak,63,291057,"['happy hardcore', 'gabber', 'hardcore', 'hardstyle', 'frenchcore', 'hardcore techno']",3.34,123hDJRbi4KtCdBaaKNHW6,https://open.spotify.com/artist/123hDJRbi4KtCdBaaKNHW6
P!nk,82,18130819,[],3.74,1KCSPY1glIKqW2TotWuXOR,https://open.spotify.com/artist/1KCSPY1glIKqW2TotWuXOR
Pop Smoke,79,15532067,"['brooklyn drill', 'new york drill', 'drill']",2.97,0eDvMgVFoNV3TpwtrVCoTj,https://open.spotify.com/artist/0eDvMgVFoNV3TpwtrVCoTj
Pitbull,88,11836811,[],3.85,0TnOYISbd1XYRBk9myaseg,https://open.spotify.com/artist/0TnOYISbd1XYRBk9myaseg
Poke,57,39553,['moombahton'],2.4,0hgX6slgQFj1QpjpKHbcK1,https://open.spotify.com/artist/0hgX6slgQFj1QpjpKHbcK1
The Police,80,7457821,[],4.28,5NGO30tJxFlKixkPSgXcFE,https://open.spotify.com/artist/5NGO30tJxFlKixkPSgXcFE
Queens of the Stone Age,73,3816875,"['stoner rock', 'alternative rock']",3.9,4pejUc4iciQfgdX6OKulQn,https://open.spotify.com/artist/4pejUc4iciQfgdX6OKulQn
Queen Omega,54,316368,"['reggae', 'ragga', 'dub', 'roots reggae']",3.84,0NZQTozgPtlt5iN3hmANhy,https://open.spotify.com/artist/0NZQTozgPtlt5iN3hmANhy
Qlas,57,21656,[],2.62,4bB3nz947QqaXQ5DZFcZgS,https://open.spotify.com/artist/4bB3nz947QqaXQ5DZFcZgS
Quido van de Graaf,50,5771,['hollands'],2.96,0EeBSdffc4ckG8Yh9HOPuj,https://open.spotify.com/artist/0EeBSdffc4ckG8Yh9HOPuj
Quadeca,61,330204,[],4.66,3zz52ViyCBcplK0ftEVPSS,https://open.spotify.com/artist/3zz52ViyCBcplK0ftEVPSS
Qucee,29,27101,[],3.39,48vBSuFP0e3sObT3huTdur,https://open.spotify.com/artist/48vBSuFP0e3sObT3huTdur
Quu.,24,212,[],2.61,7crJO4BrnEaPLTfEHOWg9h,https://open.spotify.com/artist/7crJO4BrnEaPLTfEHOWg9h
QUIQUE,37,10372,[],2.74,44IF5iKnm06JFziiLsHpyJ,https://open.spotify.com/artist/44IF5iKnm06JFziiLsHpyJ
Quincy Jones,59,450134,"['soul jazz', 'big band', 'quiet storm']",4.6,3rxIQc9kWT6Ueg4BhnOwRK,https://open.spotify.com/artist/3rxIQc9kWT6Ueg4BhnOwRK
Queensrÿche,58,730884,"['progressive metal', 'glam metal', 'metal', 'heavy metal', 'progressive rock', 'hard rock']",5.08,2OgUPVlWYgGBGMefZgGvCO,https://open.spotify.com/artist/2OgUPVlWYgGBGMefZgGvCO
Blacka,44,4790,[],2.8,30pd29wLmBULRRp7k5yIxW,https://open.spotify.com/artist/30pd29wLmBULRRp7k5yIxW
Quincy Promes,46,13395,[],2.77,6ak4Dte1ZVVz6iGqv7jTrS,https://open.spotify.com/artist/6ak4Dte1ZVVz6iGqv7jTrS
Quina01,38,587,[],2.61,5Eqd3fO4nHEtBHlr6Vf7Yw,https://open.spotify.com/artist/5Eqd3fO4nHEtBHlr6Vf7Yw
Quincy,31,3558,['hollands'],3.51,4fRfbdOrNz7rMisq8Ff78c,https://open.spotify.com/artist/4fRfbdOrNz7rMisq8Ff78c
Quevedo,86,6299031,[],3.38,52iwsT98xCoGgiGntTiR7K,https://open.spotify.com/artist/52iwsT98xCoGgiGntTiR7K
Q-Tip,62,621590,['east coast hip hop'],4.04,3ZotbHeyVQKxQCPDJuQ4SU,https://open.spotify.com/artist/3ZotbHeyVQKxQCPDJuQ4SU
Quavo,80,8000983,[],3.44,0VRj0yCOv2FXJNP47XQnx5,https://open.spotify.com/artist/0VRj0yCOv2FXJNP47XQnx5
Quantic,63,388551,"['nu jazz', 'trip hop', 'downtempo', 'electrocumbia', 'latin alternative', 'acid jazz']",4.02,5ZMwoAjeDtLJ0XRwRTgaK8,https://open.spotify.com/artist/5ZMwoAjeDtLJ0XRwRTgaK8
Qlas & Blacka,48,57512,[],3.21,0ltU5V1lbLkZlgXrnCeGjx,https://open.spotify.com/artist/0ltU5V1lbLkZlgXrnCeGjx
Quarterhead,59,24889,[],2.45,2h6hAChW74hB9HvrNoK1RY,https://open.spotify.com/artist/2h6hAChW74hB9HvrNoK1RY
Quintino,55,613180,"['big room', 'edm']",2.76,1V3VTM7VspiQjcmRhC010n,https://open.spotify.com/artist/1V3VTM7VspiQjcmRhC010n
Queen Pen,63,63355,['new jack swing'],3.94,0VbIlorLz3I5SEtIsc5vAr,https://open.spotify.com/artist/0VbIlorLz3I5SEtIsc5vAr
Quality Control,68,1588918,[],3.06,6i392l38cR3uBPF0DbNs7S,https://open.spotify.com/artist/6i392l38cR3uBPF0DbNs7S
Rijck,55,4166,[],2.76,0TzY5bHHF5sZsm1XV5UCzZ,https://open.spotify.com/artist/0TzY5bHHF5sZsm1XV5UCzZ
Ren,70,1601274,[],4.19,0Repe2EiNjaFAFIukrroUM,https://open.spotify.com/artist/0Repe2EiNjaFAFIukrroUM
Radiohead,89,13471582,"['art rock', 'alternative rock']",4.4,4Z8W4fKeB5YxbusRsdQVPb,https://open.spotify.com/artist/4Z8W4fKeB5YxbusRsdQVPb
RAYE,81,2609087,[],3.55,5KKpBU5eC2tJDzf0wmlRp2,https://open.spotify.com/artist/5KKpBU5eC2tJDzf0wmlRp2
Royel Otis,78,548269,['indie'],3.07,5b5bt4mZQpJMoCRbiQ7diH,https://open.spotify.com/artist/5b5bt4mZQpJMoCRbiQ7diH
Roxy Dekker,66,339462,"['nederpop', 'hollands']",2.5,6YznhKZUZFVr418x7OUi3z,https://open.spotify.com/artist/6YznhKZUZFVr418x7OUi3z
Rits,48,6232,[],2.81,0zjY4NHr3mdGq8Mn8btl3O,https://open.spotify.com/artist/0zjY4NHr3mdGq8Mn8btl3O
Rauw Alejandro,91,30618611,"['reggaeton', 'urbano latino', 'trap latino', 'latin']",3.64,1mcTU81TzQhprhouKaTkpq,https://open.spotify.com/artist/1mcTU81TzQhprhouKaTkpq
Rammstein,81,11688957,"['industrial metal', 'metal', 'industrial rock', 'industrial']",4.05,6wWVKhxIU2cEi0K81v7HvP,https://open.spotify.com/artist/6wWVKhxIU2cEi0K81v7HvP
Reneé Rapp,78,1208661,[],2.78,2hUYKu1x0UZQXvzCmggvSn,https://open.spotify.com/artist/2hUYKu1x0UZQXvzCmggvSn
Rowwen Hèze,50,61630,"['nederpop', 'hollands']",3.76,5icZHFQjI6SRsvXNOKUXZ1,https://open.spotify.com/artist/5icZHFQjI6SRsvXNOKUXZ1
RONDÉ,51,61990,['nederpop'],3.21,4hj9dun9KpnBukLv7Hgfkr,https://open.spotify.com/artist/4hj9dun9KpnBukLv7Hgfkr
Russo,63,47320,"['hollands', 'nederpop']",2.58,2rYWceJ64fH5hw2XkXR7ee,https://open.spotify.com/artist/2rYWceJ64fH5hw2XkXR7ee
Racoon,60,322676,"['nederpop', 'hollands']",3.45,30mNTnmvPn3HwXA5dW1Iza,https://open.spotify.com/artist/30mNTnmvPn3HwXA5dW1Iza
Rihanna,93,68311279,[],3.92,5pKCCKE2ajJHZ9KAiaK11H,https://open.spotify.com/artist/5pKCCKE2ajJHZ9KAiaK11H
René le Blanc,42,5470,['hollands'],3.1,44pNYV200BTCAtGuaA8bY8,https://open.spotify.com/artist/44pNYV200BTCAtGuaA8bY8
Rain Sounds,84,66251,[],6.0,5nSGBmlgUdqWNExnOX8VtV,https://open.spotify.com/artist/5nSGBmlgUdqWNExnOX8VtV
Robert van Hemert,59,20329,['hollands'],2.79,79TBgzOALTo3GOcKl1Rn8k,https://open.spotify.com/artist/79TBgzOALTo3GOcKl1Rn8k
REI AMI,92,248899,[],3.39,6U1dV7aL68N7Gb0Naq34V5,https://open.spotify.com/artist/6U1dV7aL68N7Gb0Naq34V5
Sabrina Carpenter,96,25628319,['pop'],3.08,74KM79TiuVKeVCqs8QtB0B,https://open.spotify.com/artist/74KM79TiuVKeVCqs8QtB0B
System Of A Down,85,13738685,"['nu metal', 'metal', 'alternative metal', 'rap metal', 'rock']",3.34,5eAWCfyUhZtHHtBdNk56l1,https://open.spotify.com/artist/5eAWCfyUhZtHHtBdNk56l1
Sef,55,31088,['nederpop'],3.34,5VGhS6nHpXPbXGhku9RRB0,https://open.spotify.com/artist/5VGhS6nHpXPbXGhku9RRB0
Slipknot,82,13893028,"['nu metal', 'metal', 'alternative metal', 'rap metal', 'heavy metal']",4.16,05fG473iIaoy82BF1aGhL8,https://open.spotify.com/artist/05fG473iIaoy82BF1aGhL8
Spinvis,49,76468,['nederpop'],4.25,1Vxc40v4VtLpSWTF2bn8Y4,https://open.spotify.com/artist/1Vxc40v4VtLpSWTF2bn8Y4
Sade,80,5010947,[],4.68,47zz7sob9NUcODy0BTDvKx,https://open.spotify.com/artist/47zz7sob9NUcODy0BTDvKx
sombr,90,2437639,[],3.57,4G9NDjRyZFDlJKMRL8hx3S,https://open.spotify.com/artist/4G9NDjRyZFDlJKMRL8hx3S
Suzan & Freek,65,693558,"['nederpop', 'hollands']",2.97,77IW5ZK1smDQYYKDCQugXh,https://open.spotify.com/artist/77IW5ZK1smDQYYKDCQugXh
Sevn Alias,62,417741,[],3.25,0HDMwoCS316xhKCZlJPBnc,https://open.spotify.com/artist/0HDMwoCS316xhKCZlJPBnc
S10,60,89631,['nederpop'],3.2,1zT9SWCzN45r7oVhy0VYLK,https://open.spotify.com/artist/1zT9SWCzN45r7oVhy0VYLK
Stromae,76,3834086,['french pop'],3.23,5j4HeCoUlzhfWtjAfM1acR,https://open.spotify.com/artist/5j4HeCoUlzhfWtjAfM1acR
SZA,91,32459048,['r&b'],3.4,7tYKF4w9nC0nq9CsPZTHyP,https://open.spotify.com/artist/7tYKF4w9nC0nq9CsPZTHyP
Snelle,64,617809,"['nederpop', 'hollands']",3.0,3E31HqA00iCX9nRhesw6LD,https://open.spotify.com/artist/3E31HqA00iCX9nRhesw6LD
Samuel Welten,58,17365,['hollands'],2.71,3smrOozTm8zGvRfrcIyRg9,https://open.spotify.com/artist/3smrOozTm8zGvRfrcIyRg9
Sia,86,30352172,[],3.74,5WUlDfRSoLAfcVSX1WnrxN,https://open.spotify.com/artist/5WUlDfRSoLAfcVSX1WnrxN
$hirak,62,134415,[],3.03,1uUuCEXmWpKN2YLl5xSoT2,https://open.spotify.com/artist/1uUuCEXmWpKN2YLl5xSoT2
Shallipopi,73,2845638,"['afrobeats', 'afropiano', 'afrobeat', 'amapiano', 'afropop', 'afro adura']",2.83,4TKhxSkqClXrdtUWgKqHVU,https://open.spotify.com/artist/4TKhxSkqClXrdtUWgKqHVU
Sean Paul,85,5239501,['dancehall'],3.4,3Isy6kedDrgPYoTS1dazA9,https://open.spotify.com/artist/3Isy6kedDrgPYoTS1dazA9
Taylor Swift,100,143413035,[],3.8,06HL4z0CvFAxyc27GXpf02,https://open.spotify.com/artist/06HL4z0CvFAxyc27GXpf02
Twenty One Pilots,88,25684487,[],3.79,3YQKmKGau1PzlVlkL1iodx,https://open.spotify.com/artist/3YQKmKGau1PzlVlkL1iodx
TOOL,74,4462401,"['progressive metal', 'alternative metal', 'progressive rock', 'metal']",7.14,2yEwvVSSSUkcLeSTNyHKh8,https://open.spotify.com/artist/2yEwvVSSSUkcLeSTNyHKh8
Typhoon,53,68706,"['nederpop', 'hollands']",3.37,6kBlEsdNeNW2qnmW56xDhx,https://open.spotify.com/artist/6kBlEsdNeNW2qnmW56xDhx
The Weeknd,97,111308548,[],3.95,1Xyo4u8uXC1ZmMpatF05PJ,https://open.spotify.com/artist/1Xyo4u8uXC1ZmMpatF05PJ
Tate McRae,91,8893372,[],2.7,45dkTj5sMRSjrmBSBeiHym,https://open.spotify.com/artist/45dkTj5sMRSjrmBSBeiHym
Tame Impala,84,9262301,"['neo-psychedelic', 'indie']",4.84,5INjqkS1o8h1imAzPqGZBb,https://open.spotify.com/artist/5INjqkS1o8h1imAzPqGZBb
"Tyler, The Creator",92,23968975,[],3.6,4V8LLVI7PbaPR0K2TGSxFF,https://open.spotify.com/artist/4V8LLVI7PbaPR0K2TGSxFF
Tory Lanez,83,8132038,[],3.36,2jku7tDXc6XoB6MO2hFuqg,https://open.spotify.com/artist/2jku7tDXc6XoB6MO2hFuqg
Tems,79,3396881,"['afrobeats', 'afro r&b', 'alté', 'afrobeat']",3.51,687cZJR45JO7jhk1LHIbgq,https://open.spotify.com/artist/687cZJR45JO7jhk1LHIbgq
Travis Scott,94,40642783,['rap'],3.81,0Y5tJX1MQlPlqiwlOH1tJY,https://open.spotify.com/artist/0Y5tJX1MQlPlqiwlOH1tJY
Tom Odell,80,4270539,[],3.21,2txHhyCwHjUEpJjWrEyqyX,https://open.spotify.com/artist/2txHhyCwHjUEpJjWrEyqyX
Tyla,81,3385912,['afrobeats'],2.86,3SozjO3Lat463tQICI9LcE,https://open.spotify.com/artist/3SozjO3Lat463tQICI9LcE
Turfy Gang,55,37043,[],2.42,7DOOGHZ6CXsF8bvNrnDE6W,https://open.spotify.com/artist/7DOOGHZ6CXsF8bvNrnDE6W
Tino Martin,62,235770,"['hollands', 'nederpop']",3.16,0iVHnv2bQN5iee8J6iCVO4,https://open.spotify.com/artist/0iVHnv2bQN5iee8J6iCVO4
Teddy Swims,87,5478594,[],3.32,33qOK5uJ8AR2xuQQAhHump,https://open.spotify.com/artist/33qOK5uJ8AR2xuQQAhHump
Tabitha,59,133914,"['nederpop', 'hollands']",3.11,7iBY1RLWDV5zX9NDNQxurm,https://open.spotify.com/artist/7iBY1RLWDV5zX9NDNQxurm
Bruce Springsteen,79,7236278,[],3.97,3eqjTLE0HfPfh78zjh6TqT,https://open.spotify.com/artist/3eqjTLE0HfPfh78zjh6TqT
Underworld,63,727599,"['big beat', 'electronica']",7.81,1PXHzxRDiLnjqNrRn2Xbsa,https://open.spotify.com/artist/1PXHzxRDiLnjqNrRn2Xbsa
Unicorn On Ketamine,51,122183,"['speedcore', 'frenchcore', 'hardcore', 'hardstyle', 'hardcore techno', 'gabber', 'tekno']",2.94,3NoAERCAeMG0EOGpbpdYLm,https://open.spotify.com/artist/3NoAERCAeMG0EOGpbpdYLm
USH,46,10909,"['hard techno', 'techno', 'tekno', 'industrial', 'hardcore techno']",4.57,1soUF8xmV5ij7Zi5ykNGr6,https://open.spotify.com/artist/1soUF8xmV5ij7Zi5ykNGr6
U2,80,13526005,['rock'],4.43,51Blml2LZPmy7TTiAg47vQ,https://open.spotify.com/artist/51Blml2LZPmy7TTiAg47vQ
Upper90,42,10397,"['hard house', 'eurodance', 'hypertechno', 'trance']",3.86,5ye3YheRaIaodo3nid7Wxz,https://open.spotify.com/artist/5ye3YheRaIaodo3nid7Wxz
UZI,76,6244352,"['turkish hip hop', 'drill']",2.99,51DevdOxIJin6DB1FXJpD1,https://open.spotify.com/artist/51DevdOxIJin6DB1FXJpD1
UNITY,36,31215,[],2.78,54dv0rc6Vdr8W63cyZLzoV,https://open.spotify.com/artist/54dv0rc6Vdr8W63cyZLzoV
USHER,84,13608467,['r&b'],4.02,23zg3TcAtWQy7J6upgbUnj,https://open.spotify.com/artist/23zg3TcAtWQy7J6upgbUnj
Unresolved,49,29517,"['hardstyle', 'frenchcore', 'hardcore']",3.23,6glAHKAPvBPUQ4HQcYXxpr,https://open.spotify.com/artist/6glAHKAPvBPUQ4HQcYXxpr
Wolf Alice,71,842295,['indie'],3.93,3btzEQD6sugImIHPMRgkwV,https://open.spotify.com/artist/3btzEQD6sugImIHPMRgkwV
Udow,39,2577,"['frenchcore', 'hardcore', 'bounce']",2.67,0ks7tKbD7vxmutoXPuwxnB,https://open.spotify.com/artist/0ks7tKbD7vxmutoXPuwxnB
Unique,36,1596,['hardstyle'],2.72,10e2OpyOdgZ2qE359Wp6Q6,https://open.spotify.com/artist/10e2OpyOdgZ2qE359Wp6Q6
Unload,42,5388,"['hardstyle', 'hardcore', 'frenchcore']",2.59,1Y19qzpsF8wvNVz4uvg6Pm,https://open.spotify.com/artist/1Y19qzpsF8wvNVz4uvg6Pm
Uncle Waffles,58,1294225,"['amapiano', 'afropiano', 'gqom', 'bacardi', 'afrobeats', '3 step']",5.68,68McnNC9twEtiynOAJRRgZ,https://open.spotify.com/artist/68McnNC9twEtiynOAJRRgZ
UdieNnx,73,89707,"['phonk', 'brazilian phonk']",1.7,6ESoeEazu57neU7UM6KRuC,https://open.spotify.com/artist/6ESoeEazu57neU7UM6KRuC
UB40,72,2615202,['reggae'],3.79,69MEO1AADKg1IZrq2XLzo5,https://open.spotify.com/artist/69MEO1AADKg1IZrq2XLzo5
Miguel,81,6063065,['r&b'],3.66,360IAlyVv4PCEVjgyMZrxK,https://open.spotify.com/artist/360IAlyVv4PCEVjgyMZrxK
$uicideboy$,88,8860620,"['emo rap', 'horrorcore', 'cloud rap', 'trap metal', 'underground hip hop']",2.93,1VPmR4DJC1PlOtd0IADAO0,https://open.spotify.com/artist/1VPmR4DJC1PlOtd0IADAO0
Udit Narayan,84,21005171,"['bollywood', 'hindi pop', 'desi']",5.62,70B80Lwx2sxti0M1Ng9e8K,https://open.spotify.com/artist/70B80Lwx2sxti0M1Ng9e8K
Marvin Gaye,76,5930037,"['motown', 'classic soul', 'soul', 'northern soul', 'quiet storm']",4.11,3koiLjNrgRTNbOwViDipeA,https://open.spotify.com/artist/3koiLjNrgRTNbOwViDipeA
Mark Ronson,78,1279227,[],3.8,3hv9jJF3adDNsBSIQDqcjp,https://open.spotify.com/artist/3hv9jJF3adDNsBSIQDqcjp
Maluma,88,38212021,"['reggaeton', 'latin', 'urbano latino']",3.52,1r4hJ1h58CWwUQe3MxPuau,https://open.spotify.com/artist/1r4hJ1h58CWwUQe3MxPuau
Wolfgang Amadeus Mozart,78,5860225,"['classical', 'requiem', 'opera', 'classical piano', 'chamber music']",4.61,4NJhFmfw43RLBLjQvxDuRS,https://open.spotify.com/artist/4NJhFmfw43RLBLjQvxDuRS
Viagra Boys,63,424714,"['post-punk', 'egg punk']",3.23,2nAKP6etu8wXNnezKXgqgg,https://open.spotify.com/artist/2nAKP6etu8wXNnezKXgqgg
Volbeat,73,2729044,"['rock', 'metal']",4.32,0L5fC7Ogm2YwgqVCRcF1bT,https://open.spotify.com/artist/0L5fC7Ogm2YwgqVCRcF1bT
Vampire Weekend,66,2032767,"['indie', 'baroque pop']",3.42,5BvJzeQpmsdsFp4HGUYUEx,https://open.spotify.com/artist/5BvJzeQpmsdsFp4HGUYUEx
ValsBezig,45,70033,['moombahton'],2.93,4tGJvDWhLFxzKRi94gc4a4,https://open.spotify.com/artist/4tGJvDWhLFxzKRi94gc4a4
Vieze Asbak,63,190847,"['hard techno', 'techno', 'tekno', 'gabber', 'hardcore techno', 'hardcore']",2.55,66FZq0wsY6770bc4O9Dlig,https://open.spotify.com/artist/66FZq0wsY6770bc4O9Dlig
Van Halen,75,6799088,"['glam metal', 'classic rock', 'rock', 'hard rock']",3.82,2cnMpRsOVqtPMfq7YiFE6K,https://open.spotify.com/artist/2cnMpRsOVqtPMfq7YiFE6K
VL Disappear,36,2584,[],2.7,1AiUxaTFSMRD7ucqwi55uy,https://open.spotify.com/artist/1AiUxaTFSMRD7ucqwi55uy
Vieze Jack,37,43037,['hollands'],3.0,14VHCbKz3ITlGgh8Ozni2L,https://open.spotify.com/artist/14VHCbKz3ITlGgh8Ozni2L
Van Dik Hout,47,75733,"['nederpop', 'hollands']",3.88,7t1YgV4PxSjBg9P8ZqE4Vo,https://open.spotify.com/artist/7t1YgV4PxSjBg9P8ZqE4Vo
Vogeljongen,36,38672,[],1.95,2LFdUrN4MRbTSE1hWCBO2O,https://open.spotify.com/artist/2LFdUrN4MRbTSE1hWCBO2O
Volviers,31,4984,[],1.97,66hYmw742R0tlMZA6iOVZS,https://open.spotify.com/artist/66hYmw742R0tlMZA6iOVZS
Van Morrison,74,3568875,[],3.8,44NX2ffIYHr6D4n7RaZF7A,https://open.spotify.com/artist/44NX2ffIYHr6D4n7RaZF7A
Vengaboys,67,572825,"['eurodance', 'europop']",3.39,0cwmNvclzPd8mQnoHuIksj,https://open.spotify.com/artist/0cwmNvclzPd8mQnoHuIksj
Vybz Kartel,71,2033376,"['dancehall', 'soca', 'ragga', 'riddim', 'reggae']",3.28,2NUz5P42WqkxilbI8ocN76,https://open.spotify.com/artist/2NUz5P42WqkxilbI8ocN76
Antonio Vivaldi,72,2704207,['classical'],2.99,2QOIawHpSlOwXDvSqQ9YJR,https://open.spotify.com/artist/2QOIawHpSlOwXDvSqQ9YJR
Vagant,50,518,[],,2ZywabPnRCoHjfPJfQavrA,https://open.spotify.com/artist/2ZywabPnRCoHjfPJfQavrA
Vance Joy,78,3463726,['folk pop'],3.7,10exVja0key0uqUkk6LJRT,https://open.spotify.com/artist/10exVja0key0uqUkk6LJRT
Paul Simon,71,2535260,['singer-songwriter'],4.11,2CvCyf1gEVhI0mX6aFXmVI,https://open.spotify.com/artist/2CvCyf1gEVhI0mX6aFXmVI
R.E.M.,76,5316946,"['jangle pop', 'alternative rock', 'rock']",4.29,4KWTAlx2RvbpseOGMEmROg,https://open.spotify.com/artist/4KWTAlx2RvbpseOGMEmROg
Ludwig van Beethoven,74,5688803,"['classical', 'classical piano', 'chamber music']",4.18,2wOqMjp9TyABvtHdOSOTUS,https://open.spotify.com/artist/2wOqMjp9TyABvtHdOSOTUS
2Pac,82,22319096,"['old school hip hop', 'gangster rap', 'west coast hip hop', 'g-funk', 'hip hop']",4.74,1ZwdS5xdxEREPySFridCfh,https://open.spotify.com/artist/1ZwdS5xdxEREPySFridCfh
Westside Gunn,71,809512,"['boom bap', 'alternative hip hop', 'jazz rap']",4.02,0ABk515kENDyATUdpCKVfW,https://open.spotify.com/artist/0ABk515kENDyATUdpCKVfW
WINSON,44,15822,"['hard techno', 'techno']",4.47,2z9op9COiMU6QquVfY8HTN,https://open.spotify.com/artist/2z9op9COiMU6QquVfY8HTN
Wet Leg,68,801589,"['indie rock', 'indie']",3.01,2TwOrUcYnAlIiKmVQkkoSZ,https://open.spotify.com/artist/2TwOrUcYnAlIiKmVQkkoSZ
Within Temptation,65,1406102,"['symphonic metal', 'gothic metal', 'gothic rock', 'power metal', 'metal']",4.49,3hE8S8ohRErocpkY7uJW4a,https://open.spotify.com/artist/3hE8S8ohRErocpkY7uJW4a
Wende,44,36167,['nederpop'],3.74,3SCB3V2d5Loauz5tfo6Y5G,https://open.spotify.com/artist/3SCB3V2d5Loauz5tfo6Y5G
Weval,56,201257,[],3.72,12tZvy2xFpWSkuJ3FsfisZ,https://open.spotify.com/artist/12tZvy2xFpWSkuJ3FsfisZ
The War On Drugs,62,1002268,['indie rock'],6.55,6g0mn3tzAds6aVeUYRsryU,https://open.spotify.com/artist/6g0mn3tzAds6aVeUYRsryU
Wu-Tang Clan,69,3672881,"['old school hip hop', 'east coast hip hop', 'hip hop', 'gangster rap', 'hardcore hip hop']",4.3,34EP7KEpOjXcM2TCat1ISk,https://open.spotify.com/artist/34EP7KEpOjXcM2TCat1ISk
Wizkid,83,9087695,"['afrobeats', 'afrobeat', 'afropop', 'azonto', 'afroswing', 'afro r&b', 'afropiano']",3.33,3tVQdUvClmAT7URs9V3rsp,https://open.spotify.com/artist/3tVQdUvClmAT7URs9V3rsp
WC Experience,41,17346,['hollands'],3.48,0zigCF2JqtQSt3ghkdxmfv,https://open.spotify.com/artist/0zigCF2JqtQSt3ghkdxmfv
Winne,46,37860,[],4.08,5cMMheSnLhCt0YdwFkp3R9,https://open.spotify.com/artist/5cMMheSnLhCt0YdwFkp3R9
Wesly Bronkhorst,54,42983,['hollands'],2.93,6PBYhsdRwm1WbQC4GvNiCp,https://open.spotify.com/artist/6PBYhsdRwm1WbQC4GvNiCp
Wiz Khalifa,84,12041102,['rap'],3.68,137W8MRPWKqSmrBGDBFSop,https://open.spotify.com/artist/137W8MRPWKqSmrBGDBFSop
Willem,49,16135,"['neue deutsche welle', 'nederpop']",3.46,0QuIRxRWYAl4oRHSQYCYds,https://open.spotify.com/artist/0QuIRxRWYAl4oRHSQYCYds
W&W,76,944720,"['big room', 'edm']",2.49,2rTo8KIkBTFjQS7VvaKYQ4,https://open.spotify.com/artist/2rTo8KIkBTFjQS7VvaKYQ4
Lil Tecca,84,10048676,"['melodic rap', 'rap']",2.33,4Ga1P7PMIsmqEZqhYZQgDo,https://open.spotify.com/artist/4Ga1P7PMIsmqEZqhYZQgDo
White Noise Radiance,85,36620,[],6.0,0QUBaF6Rtta4TTmxYYfzux,https://open.spotify.com/artist/0QUBaF6Rtta4TTmxYYfzux
Stevie Wonder,78,7090930,"['motown', 'classic soul', 'soul']",3.65,7guDJrEfX3qb6FEbdPA5qi,https://open.spotify.com/artist/7guDJrEfX3qb6FEbdPA5qi
WizTheMc,79,210379,[],2.69,3ebS2RuCq8QeLyndUDmgB5,https://open.spotify.com/artist/3ebS2RuCq8QeLyndUDmgB5
Xania Monet,62,53980,[],3.46,0YIEJNJUCsjzeWwj8Xh2LD,https://open.spotify.com/artist/0YIEJNJUCsjzeWwj8Xh2LD
xaviersobased,66,203017,"['cloud rap', 'underground hip hop']",1.93,2oM7LMPFu882oC6jSwEqjd,https://open.spotify.com/artist/2oM7LMPFu882oC6jSwEqjd
XXXTENTACION,87,51375952,['emo rap'],2.34,15UsOTVnJzReFVN1VCnxy4,https://open.spotify.com/artist/15UsOTVnJzReFVN1VCnxy4
XG,73,2279149,['k-pop'],3.24,0LOK81e9H5lr61HlGGHqwA,https://open.spotify.com/artist/0LOK81e9H5lr61HlGGHqwA
Xavier Rudd,64,807112,[],4.74,5lbM4g6bhxjNX7R5QHP2nD,https://open.spotify.com/artist/5lbM4g6bhxjNX7R5QHP2nD
X CLUB.,49,31948,['hard house'],4.01,4CYPaFp9yDrNduNptv0DPQ,https://open.spotify.com/artist/4CYPaFp9yDrNduNptv0DPQ
XLOV,64,362389,['k-pop'],3.04,2b8aDRZFgUGWiUGchpWsyC,https://open.spotify.com/artist/2b8aDRZFgUGWiUGchpWsyC
Xavier Wulf,71,1141504,"['cloud rap', 'underground hip hop', 'emo rap']",2.66,3uo0ix4Y67XHVWBhXXIY1S,https://open.spotify.com/artist/3uo0ix4Y67XHVWBhXXIY1S
Xzibit,68,2222075,"['west coast hip hop', 'gangster rap', 'g-funk', 'old school hip hop', 'hardcore hip hop', 'hip hop']",3.97,4tujQJicOnuZRLiBFdp3Ou,https://open.spotify.com/artist/4tujQJicOnuZRLiBFdp3Ou
The xx,67,3788344,[],3.44,3iOvXCl6edW5Um0fXEBRXy,https://open.spotify.com/artist/3iOvXCl6edW5Um0fXEBRXy
XRTN,39,16869,"['hard techno', 'techno', 'tekno', 'acid techno', 'hardcore techno']",4.87,5oXWx1ZjiyWTt4fhjUQgKR,https://open.spotify.com/artist/5oXWx1ZjiyWTt4fhjUQgKR
Xdinary Heroes,62,1209258,"['k-rock', 'k-pop', 'noise music']",3.52,1khChLj7REGqjM043PlYyn,https://open.spotify.com/artist/1khChLj7REGqjM043PlYyn
Xeno,29,909,[],2.75,6QNmkf3USZGhsn81cZCKre,https://open.spotify.com/artist/6QNmkf3USZGhsn81cZCKre
Xander de Buisonjé,28,26612,"['nederpop', 'hollands']",3.81,0VuP43Q70c5QRXrdgVNQXP,https://open.spotify.com/artist/0VuP43Q70c5QRXrdgVNQXP
Xerxes,36,11786,"['hollands', 'kizomba', 'nederpop']",2.96,6y1vggOkn0ekeAgqG7AZKS,https://open.spotify.com/artist/6y1vggOkn0ekeAgqG7AZKS
X Ambassadors,73,3102550,[],3.34,3NPpFNZtSTHheNBaWC82rB,https://open.spotify.com/artist/3NPpFNZtSTHheNBaWC82rB
Xavi,79,8318345,"['corridos tumbados', 'corrido', 'corridos bélicos', 'sad sierreño', 'música mexicana', 'banda', 'sierreño']",3.03,3Me35AWHCGqW4sZ7bWWJt1,https://open.spotify.com/artist/3Me35AWHCGqW4sZ7bWWJt1
Hades66,77,1695197,['trap latino'],4.16,4CQdcx66F116k2db2Y0rjE,https://open.spotify.com/artist/4CQdcx66F116k2db2Y0rjE
Xtofa,53,7954,"['afrobeats', 'afrobeat']",2.24,6p0sIjj39O6DnWpctMmNVn,https://open.spotify.com/artist/6p0sIjj39O6DnWpctMmNVn
Louis Armstrong,72,3211224,"['jazz', 'swing music', 'big band', 'vocal jazz', 'jazz blues']",3.9,19eLuQmk9aCobbVDHc6eek,https://open.spotify.com/artist/19eLuQmk9aCobbVDHc6eek
Ella Fitzgerald,70,2710743,"['vocal jazz', 'jazz', 'swing music', 'jazz blues', 'big band', 'christmas']",4.06,5V0MlUE1Bft0mbLlND7FJz,https://open.spotify.com/artist/5V0MlUE1Bft0mbLlND7FJz
X.L.T,73,1646,[],2.67,5XmANDHn1nUVL3rVyohz9t,https://open.spotify.com/artist/5XmANDHn1nUVL3rVyohz9t
TOMORROW X TOGETHER,82,11894541,['k-pop'],2.69,0ghlgldX5Dd6720Q3qFyQB,https://open.spotify.com/artist/0ghlgldX5Dd6720Q3qFyQB
YUNGBLUD,78,3108730,[],4.22,6Ad91Jof8Niiw0lGLLi3NW,https://open.spotify.com/artist/6Ad91Jof8Niiw0lGLLi3NW
Yeat,83,5923350,['rage rap'],3.05,3qiHUAX7zY4Qnjx8TNUzVx,https://open.spotify.com/artist/3qiHUAX7zY4Qnjx8TNUzVx
Yung Lean,69,1134498,['cloud rap'],3.41,67lytN32YpUxiSeWlKfHJ3,https://open.spotify.com/artist/67lytN32YpUxiSeWlKfHJ3
Young Gun Silver Fox,50,67513,"['yacht rock', 'aor']",4.13,3qQloBz05T6e0rKubNCmjG,https://open.spotify.com/artist/3qQloBz05T6e0rKubNCmjG
Yes-R,47,61696,"['nederpop', 'hollands']",3.35,26W6sq5yZeIhzfO6d8g9NJ,https://open.spotify.com/artist/26W6sq5yZeIhzfO6d8g9NJ
Young Ellens,54,77492,[],2.52,0SuC1Z51R9kleDO1pj3Gub,https://open.spotify.com/artist/0SuC1Z51R9kleDO1pj3Gub
Yssi SB,60,65587,[],2.84,0o1hCS1PDOc1UtVrcXB9s8,https://open.spotify.com/artist/0o1hCS1PDOc1UtVrcXB9s8
Young Thug,87,12284528,"['rap', 'melodic rap', 'trap']",3.54,50co4Is1HCEo8bhOyUWKpn,https://open.spotify.com/artist/50co4Is1HCEo8bhOyUWKpn
Yves Berendse,64,87931,"['hollands', 'nederpop']",3.29,7wGBPJk6sHwRCozFfhU09F,https://open.spotify.com/artist/7wGBPJk6sHwRCozFfhU09F
Yade Lauren,63,150251,[],2.91,2YkP9pfIZ6hJKeuppuz8qT,https://open.spotify.com/artist/2YkP9pfIZ6hJKeuppuz8qT
Yellow Claw,63,1044599,"['edm', 'edm trap']",2.84,47z7ZrgFoBvVpCnElCE3Zh,https://open.spotify.com/artist/47z7ZrgFoBvVpCnElCE3Zh
Yann Tiersen,66,1088196,[],2.91,00sazWvoTLOqg5MFwC68Um,https://open.spotify.com/artist/00sazWvoTLOqg5MFwC68Um
Yxng Le,51,27485,[],2.78,3Ptyea6E1lJgg6W64f0OQa,https://open.spotify.com/artist/3Ptyea6E1lJgg6W64f0OQa
Youp van 't Hek,42,18683,['comedy'],5.21,5KZPlP5jQGBF3Z1kUq2ZUP,https://open.spotify.com/artist/5KZPlP5jQGBF3Z1kUq2ZUP
Ye,67,384961,[],2.3,3NlsBPwqJuDgtXZ2rv5Dmq,https://open.spotify.com/artist/3NlsBPwqJuDgtXZ2rv5Dmq
YNW Melly,75,12609826,['melodic rap'],3.59,1cNDP5yjU5vjeR8qMf4grg,https://open.spotify.com/artist/1cNDP5yjU5vjeR8qMf4grg
Yebba,75,741545,[],3.81,1ooV8YZC1KbpEcrmI8WH0F,https://open.spotify.com/artist/1ooV8YZC1KbpEcrmI8WH0F
Sam Smith,84,26135836,['soft pop'],3.41,2wY79sveU1sp5g7SokKOiI,https://open.spotify.com/artist/2wY79sveU1sp5g7SokKOiI
Daddy Yankee,89,37627624,"['reggaeton', 'latin']",3.74,4VMYDCV2IEDYJArk749S6m,https://open.spotify.com/artist/4VMYDCV2IEDYJArk749S6m
Zach Bryan,89,7166444,"['country', 'red dirt']",3.42,40ZNYROS4zLfyyBSs2PGe2,https://open.spotify.com/artist/40ZNYROS4zLfyyBSs2PGe2
Ziggy Alberts,63,431881,['folk pop'],3.93,6tuPdaFPIytg3l2f51L7Hw,https://open.spotify.com/artist/6tuPdaFPIytg3l2f51L7Hw
Zwangere Guy,53,70105,[],3.4,2Sm4rGKWBnOQhdqDy4JJh0,https://open.spotify.com/artist/2Sm4rGKWBnOQhdqDy4JJh0
Zara Larsson,79,10839232,[],3.29,1Xylc3o4UrD53lo9CvFvVg,https://open.spotify.com/artist/1Xylc3o4UrD53lo9CvFvVg
Zaho de Sagazan,64,383405,"['french pop', 'chanson', 'variété française']",3.32,38GSybQjdc6sxptciOkxMq,https://open.spotify.com/artist/38GSybQjdc6sxptciOkxMq
Zarfani,47,26713,[],2.8,3jU0uVi2Njx9HZ59lSk3H1,https://open.spotify.com/artist/3jU0uVi2Njx9HZ59lSk3H1
Zach Top,77,703676,"['country', 'honky tonk']",3.45,4FGPzWzgjURDNT7JQ8pYgH,https://open.spotify.com/artist/4FGPzWzgjURDNT7JQ8pYgH
Zaz,67,1677659,"['chanson', 'french pop', 'french jazz']",3.36,1mbgj8ERPs8lWi7t5cYrdy,https://open.spotify.com/artist/1mbgj8ERPs8lWi7t5cYrdy
Zack Ink,45,52803,[],3.18,7uaikZmOtxXTNe5kPWv5t6,https://open.spotify.com/artist/7uaikZmOtxXTNe5kPWv5t6
Zoë Tauran,57,65785,"['nederpop', 'hollands']",2.75,5fg02ZNJViLdPyxJnRdcsi,https://open.spotify.com/artist/5fg02ZNJViLdPyxJnRdcsi
ZAYN,78,23979430,[],3.53,5ZsFI1h6hIdQRw2ti0hz81,https://open.spotify.com/artist/5ZsFI1h6hIdQRw2ti0hz81
Zucchero,67,1159500,"['italo dance', 'italian singer-songwriter']",4.51,2KftmGt9sk1yLjsAoloC3M,https://open.spotify.com/artist/2KftmGt9sk1yLjsAoloC3M
ZAH1DE,59,482667,[],2.18,3efIR8hdrilpdBfWxVrxRd,https://open.spotify.com/artist/3efIR8hdrilpdBfWxVrxRd
Zoë Livay,56,12082,"['nederpop', 'hollands']",2.71,2avtvk1ZeiEf3wZ8dE8JfE,https://open.spotify.com/artist/2avtvk1ZeiEf3wZ8dE8JfE
ZZ Top,73,4902095,"['southern rock', 'classic rock', 'blues rock', 'rock']",4.13,2AM4ilv6UzW0uMRuqKtDgN,https://open.spotify.com/artist/2AM4ilv6UzW0uMRuqKtDgN
The Killers,80,7950260,['alternative rock'],4.08,0C0XlULifJtAgn6ZNCW2eu,https://open.spotify.com/artist/0C0XlULifJtAgn6ZNCW2eu
The Smiths,82,7614677,"['new wave', 'madchester', 'jangle pop']",3.89,3yY2gUcIsjMr8hjo51PoJ8,https://open.spotify.com/artist/3yY2gUcIsjMr8hjo51PoJ8
Zerb,74,170536,['afro house'],3.04,6mDl7lQiLxT0iQ8LYhAlWy,https://open.spotify.com/artist/6mDl7lQiLxT0iQ8LYhAlWy
Black Eyed Peas,85,9409309,[],4.22,1yxSLGMDHlW21z4YXirZDS,https://open.spotify.com/artist/1yxSLGMDHlW21z4YXirZDS
ZOMBIES – Cast,78,270213,[],3.18,2L7RaHwfVU6ge64IJF8GO5,https://open.spotify.com/artist/2L7RaHwfVU6ge64IJF8GO5
